<?xml version="1.0" encoding ="UTF-8"?><link:linkbase xmlns:xsi="http://www.w3.org/2001/XMLSchema-instance" xsi:schemaLocation="http://www.xbrl.org/2003/linkbase http://www.xbrl.org/2003/xbrl-linkbase-2003-12-31.xsd" xmlns:link="http://www.xbrl.org/2003/linkbase" xmlns:xbrli="http://www.xbrl.org/2003/instance" xmlns:xlink="http://www.w3.org/1999/xlink" xmlns:xbrldt="http://xbrl.org/2005/xbrldt"><link:labelLink xlink:type="extended" xlink:role="http://www.xbrl.org/2003/role/link"><link:loc xlink:type="locator" xlink:href="391200T4AUN1BPBXAO14-2023-12-31.xsd#CAN_CurrentAssetsRecognisedFromCostsToObtainOrFulfilContractsWithCustomers" xlink:label="CurrentAssetsRecognisedFromCostsToObtainOrFulfilContractsWithCustomers" xlink:title="CurrentAssetsRecognisedFromCostsToObtainOrFulfilContractsWithCustomers"/><link:label xlink:type="resource" xlink:label="label_CurrentAssetsRecognisedFromCostsToObtainOrFulfilContractsWithCustomers" xlink:role="http://www.xbrl.org/2003/role/label" xlink:title="CurrentAssetsRecognisedFromCostsToObtainOrFulfilContractsWithCustomers_Label" xml:lang="de">Bei Erfüllung oder Anbahnung eines Vertrags mit einem Kunden aktivierte Kosten, kurzfristige</link:label><link:labelArc xlink:type="arc" xlink:arcrole="http://www.xbrl.org/2003/arcrole/concept-label" xlink:from="CurrentAssetsRecognisedFromCostsToObtainOrFulfilContractsWithCustomers" xlink:to="label_CurrentAssetsRecognisedFromCostsToObtainOrFulfilContractsWithCustomers" xlink:title="Label: CurrentAssetsRecognisedFromCostsToObtainOrFulfilContractsWithCustomers to label_CurrentAssetsRecognisedFromCostsToObtainOrFulfilContractsWithCustomers"/><link:loc xlink:type="locator" xlink:href="391200T4AUN1BPBXAO14-2023-12-31.xsd#CAN_NonCurrentAssetsRecognisedFromCostsToObtainOrFulfilContractsWithCustomers" xlink:label="NonCurrentAssetsRecognisedFromCostsToObtainOrFulfilContractsWithCustomers" xlink:title="NonCurrentAssetsRecognisedFromCostsToObtainOrFulfilContractsWithCustomers"/><link:label xlink:type="resource" xlink:label="label_NonCurrentAssetsRecognisedFromCostsToObtainOrFulfilContractsWithCustomers" xlink:role="http://www.xbrl.org/2003/role/label" xlink:title="NonCurrentAssetsRecognisedFromCostsToObtainOrFulfilContractsWithCustomers_Label" xml:lang="de">Bei Erfüllung oder Anbahnung eines Vertrags mit einem Kunden aktivierte Kosten, langfristige</link:label><link:labelArc xlink:type="arc" xlink:arcrole="http://www.xbrl.org/2003/arcrole/concept-label" xlink:from="NonCurrentAssetsRecognisedFromCostsToObtainOrFulfilContractsWithCustomers" xlink:to="label_NonCurrentAssetsRecognisedFromCostsToObtainOrFulfilContractsWithCustomers" xlink:title="Label: NonCurrentAssetsRecognisedFromCostsToObtainOrFulfilContractsWithCustomers to label_NonCurrentAssetsRecognisedFromCostsToObtainOrFulfilContractsWithCustomers"/><link:loc xlink:type="locator" xlink:href="391200T4AUN1BPBXAO14-2023-12-31.xsd#CAN_RetainedEarningsAndReserveOfRemeasurementsOfDefinedBenefitPlans" xlink:label="RetainedEarningsAndReserveOfRemeasurementsOfDefinedBenefitPlans" xlink:title="RetainedEarningsAndReserveOfRemeasurementsOfDefinedBenefitPlans"/><link:label xlink:type="resource" xlink:label="label_RetainedEarningsAndReserveOfRemeasurementsOfDefinedBenefitPlans" xlink:role="http://www.xbrl.org/2003/role/label" xlink:title="RetainedEarningsAndReserveOfRemeasurementsOfDefinedBenefitPlans_Label" xml:lang="de">Gewinnrücklagen und Rücklage für Neubewertungen leistungsorientierter Pläne</link:label><link:labelArc xlink:type="arc" xlink:arcrole="http://www.xbrl.org/2003/arcrole/concept-label" xlink:from="RetainedEarningsAndReserveOfRemeasurementsOfDefinedBenefitPlans" xlink:to="label_RetainedEarningsAndReserveOfRemeasurementsOfDefinedBenefitPlans" xlink:title="Label: RetainedEarningsAndReserveOfRemeasurementsOfDefinedBenefitPlans to label_RetainedEarningsAndReserveOfRemeasurementsOfDefinedBenefitPlans"/><link:loc xlink:type="locator" xlink:href="391200T4AUN1BPBXAO14-2023-12-31.xsd#CAN_CapitalisedCostsToObtainOrFulfilContractsWithCustomers" xlink:label="CapitalisedCostsToObtainOrFulfilContractsWithCustomers" xlink:title="CapitalisedCostsToObtainOrFulfilContractsWithCustomers"/><link:label xlink:type="resource" xlink:label="label_CapitalisedCostsToObtainOrFulfilContractsWithCustomers" xlink:role="http://www.xbrl.org/2003/role/label" xlink:title="CapitalisedCostsToObtainOrFulfilContractsWithCustomers_Label" xml:lang="de">Aktivierte Kosten, um Verträge mit Kunden zu erhalten oder zu erfüllen</link:label><link:labelArc xlink:type="arc" xlink:arcrole="http://www.xbrl.org/2003/arcrole/concept-label" xlink:from="CapitalisedCostsToObtainOrFulfilContractsWithCustomers" xlink:to="label_CapitalisedCostsToObtainOrFulfilContractsWithCustomers" xlink:title="Label: CapitalisedCostsToObtainOrFulfilContractsWithCustomers to label_CapitalisedCostsToObtainOrFulfilContractsWithCustomers"/><link:loc xlink:type="locator" xlink:href="https://xbrl.ifrs.org/taxonomy/2022-03-24/full_ifrs/full_ifrs-cor_2022-03-24.xsd#ifrs-full_RevenueAndOperatingIncome" xlink:label="RevenueAndOperatingIncome" xlink:title="RevenueAndOperatingIncome"/><link:label xlink:type="resource" xlink:label="label_RevenueAndOperatingIncome" xlink:role="http://www.xbrl.org/2003/role/totalLabel" xlink:title="RevenueAndOperatingIncome_Label" xml:lang="de">Erlöse und sonstige betriebliche Erträge</link:label><link:labelArc xlink:type="arc" xlink:arcrole="http://www.xbrl.org/2003/arcrole/concept-label" xlink:from="RevenueAndOperatingIncome" xlink:to="label_RevenueAndOperatingIncome" xlink:title="Label: RevenueAndOperatingIncome to label_RevenueAndOperatingIncome"/><link:loc xlink:type="locator" xlink:href="391200T4AUN1BPBXAO14-2023-12-31.xsd#CAN_RawMaterialsAndConsumablesUsedAndServicesExpense" xlink:label="RawMaterialsAndConsumablesUsedAndServicesExpense" xlink:title="RawMaterialsAndConsumablesUsedAndServicesExpense"/><link:label xlink:type="resource" xlink:label="label_RawMaterialsAndConsumablesUsedAndServicesExpense" xlink:role="http://www.xbrl.org/2003/role/label" xlink:title="RawMaterialsAndConsumablesUsedAndServicesExpense_Label" xml:lang="de">Verwendete Roh-, Hilfs- und Betriebsstoffe und Dienstleistungsaufwendungen</link:label><link:labelArc xlink:type="arc" xlink:arcrole="http://www.xbrl.org/2003/arcrole/concept-label" xlink:from="RawMaterialsAndConsumablesUsedAndServicesExpense" xlink:to="label_RawMaterialsAndConsumablesUsedAndServicesExpense" xlink:title="Label: RawMaterialsAndConsumablesUsedAndServicesExpense to label_RawMaterialsAndConsumablesUsedAndServicesExpense"/><link:loc xlink:type="locator" xlink:href="391200T4AUN1BPBXAO14-2023-12-31.xsd#CAN_ProfitLossFromOperatingActivitiesBeforeEmployeeBenefitsDepreciationAndAmortisationExpense" xlink:label="ProfitLossFromOperatingActivitiesBeforeEmployeeBenefitsDepreciationAndAmortisationExpense" xlink:title="ProfitLossFromOperatingActivitiesBeforeEmployeeBenefitsDepreciationAndAmortisationExpense"/><link:label xlink:type="resource" xlink:label="label_ProfitLossFromOperatingActivitiesBeforeEmployeeBenefitsDepreciationAndAmortisationExpense" xlink:role="http://www.xbrl.org/2003/role/totalLabel" xlink:title="ProfitLossFromOperatingActivitiesBeforeEmployeeBenefitsDepreciationAndAmortisationExpense_Label" xml:lang="de">Gewinn (Verlust) aus betrieblichen Tätigkeiten vor Leistungen an Arbeitnehmer, Abschreibungen und Amortisationen</link:label><link:labelArc xlink:type="arc" xlink:arcrole="http://www.xbrl.org/2003/arcrole/concept-label" xlink:from="ProfitLossFromOperatingActivitiesBeforeEmployeeBenefitsDepreciationAndAmortisationExpense" xlink:to="label_ProfitLossFromOperatingActivitiesBeforeEmployeeBenefitsDepreciationAndAmortisationExpense" xlink:title="Label: ProfitLossFromOperatingActivitiesBeforeEmployeeBenefitsDepreciationAndAmortisationExpense to label_ProfitLossFromOperatingActivitiesBeforeEmployeeBenefitsDepreciationAndAmortisationExpense"/><link:loc xlink:type="locator" xlink:href="391200T4AUN1BPBXAO14-2023-12-31.xsd#CAN_ProfitLossFromOperatingActivitiesBeforeEmployeeBenefitsDepreciationAndAmortisationExpense" xlink:label="ProfitLossFromOperatingActivitiesBeforeEmployeeBenefitsDepreciationAndAmortisationExpense_2" xlink:title="ProfitLossFromOperatingActivitiesBeforeEmployeeBenefitsDepreciationAndAmortisationExpense_2"/><link:label xlink:type="resource" xlink:label="label_ProfitLossFromOperatingActivitiesBeforeEmployeeBenefitsDepreciationAndAmortisationExpense_2" xlink:role="http://www.xbrl.org/2003/role/label" xlink:title="ProfitLossFromOperatingActivitiesBeforeEmployeeBenefitsDepreciationAndAmortisationExpense_2_Label" xml:lang="de">Gewinn (Verlust) aus betrieblichen Tätigkeiten vor Leistungen an Arbeitnehmer, Abschreibungen und Amortisationen</link:label><link:labelArc xlink:type="arc" xlink:arcrole="http://www.xbrl.org/2003/arcrole/concept-label" xlink:from="ProfitLossFromOperatingActivitiesBeforeEmployeeBenefitsDepreciationAndAmortisationExpense_2" xlink:to="label_ProfitLossFromOperatingActivitiesBeforeEmployeeBenefitsDepreciationAndAmortisationExpense_2" xlink:title="Label: ProfitLossFromOperatingActivitiesBeforeEmployeeBenefitsDepreciationAndAmortisationExpense_2 to label_ProfitLossFromOperatingActivitiesBeforeEmployeeBenefitsDepreciationAndAmortisationExpense_2"/><link:loc xlink:type="locator" xlink:href="391200T4AUN1BPBXAO14-2023-12-31.xsd#CAN_DepreciationAmortisationAndImpairmentLossReversalOfImpairmentLossRecognisedInProfitOrLossIntangibleAssetsPropertyPlantAndEquipmentAndRightOfUseAssets" xlink:label="DepreciationAmortisationAndImpairmentLossReversalOfImpairmentLossRecognisedInProfitOrLossIntangibleAssetsPropertyPlantAndEquipmentAndRightOfUseAssets" xlink:title="DepreciationAmortisationAndImpairmentLossReversalOfImpairmentLossRecognisedInProfitOrLossIntangibleAssetsPropertyPlantAndEquipmentAndRightOfUseAssets"/><link:label xlink:type="resource" xlink:label="label_DepreciationAmortisationAndImpairmentLossReversalOfImpairmentLossRecognisedInProfitOrLossIntangibleAssetsPropertyPlantAndEquipmentAndRightOfUseAssets" xlink:role="http://www.xbrl.org/2003/role/label" xlink:title="DepreciationAmortisationAndImpairmentLossReversalOfImpairmentLossRecognisedInProfitOrLossIntangibleAssetsPropertyPlantAndEquipmentAndRightOfUseAssets_Label" xml:lang="de">Erfolgswirksam erfasste planmäßige Abschreibung und Wertminderung (Wertaufholung), immaterielle Vermögenswerte, Sachanlagen und Nutzungsrechte</link:label><link:labelArc xlink:type="arc" xlink:arcrole="http://www.xbrl.org/2003/arcrole/concept-label" xlink:from="DepreciationAmortisationAndImpairmentLossReversalOfImpairmentLossRecognisedInProfitOrLossIntangibleAssetsPropertyPlantAndEquipmentAndRightOfUseAssets" xlink:to="label_DepreciationAmortisationAndImpairmentLossReversalOfImpairmentLossRecognisedInProfitOrLossIntangibleAssetsPropertyPlantAndEquipmentAndRightOfUseAssets" xlink:title="Label: DepreciationAmortisationAndImpairmentLossReversalOfImpairmentLossRecognisedInProfitOrLossIntangibleAssetsPropertyPlantAndEquipmentAndRightOfUseAssets to label_DepreciationAmortisationAndImpairmentLossReversalOfImpairmentLossRecognisedInProfitOrLossIntangibleAssetsPropertyPlantAndEquipmentAndRightOfUseAssets"/><link:loc xlink:type="locator" xlink:href="391200T4AUN1BPBXAO14-2023-12-31.xsd#CAN_ImpairmentLossReversalOfImpairmentLossRecognisedInProfitOrLossFinancialAssets" xlink:label="ImpairmentLossReversalOfImpairmentLossRecognisedInProfitOrLossFinancialAssets" xlink:title="ImpairmentLossReversalOfImpairmentLossRecognisedInProfitOrLossFinancialAssets"/><link:label xlink:type="resource" xlink:label="label_ImpairmentLossReversalOfImpairmentLossRecognisedInProfitOrLossFinancialAssets" xlink:role="http://www.xbrl.org/2003/role/label" xlink:title="ImpairmentLossReversalOfImpairmentLossRecognisedInProfitOrLossFinancialAssets_Label" xml:lang="de">Erfolgswirksam erfasste Wertminderung (Wertaufholung), finanzielle Vermögenswerte</link:label><link:labelArc xlink:type="arc" xlink:arcrole="http://www.xbrl.org/2003/arcrole/concept-label" xlink:from="ImpairmentLossReversalOfImpairmentLossRecognisedInProfitOrLossFinancialAssets" xlink:to="label_ImpairmentLossReversalOfImpairmentLossRecognisedInProfitOrLossFinancialAssets" xlink:title="Label: ImpairmentLossReversalOfImpairmentLossRecognisedInProfitOrLossFinancialAssets to label_ImpairmentLossReversalOfImpairmentLossRecognisedInProfitOrLossFinancialAssets"/><link:loc xlink:type="locator" xlink:href="391200T4AUN1BPBXAO14-2023-12-31.xsd#CAN_AdjustmentsForDepreciationAndAmortisationExpenseAndImpairmentLossReversalOfImpairmentLossRecognisedInProfitOrLossIntangibleAssetsPropertyPlantAndEquipmentAndRightOfUseAssets" xlink:label="AdjustmentsForDepreciationAndAmortisationExpenseAndImpairmentLossReversalOfImpairmentLossRecognisedInProfitOrLossIntangibleAssetsPropertyPlantAndEquipmentAndRightOfUseAssets" xlink:title="AdjustmentsForDepreciationAndAmortisationExpenseAndImpairmentLossReversalOfImpairmentLossRecognisedInProfitOrLossIntangibleAssetsPropertyPlantAndEquipmentAndRightOfUseAssets"/><link:label xlink:type="resource" xlink:label="label_AdjustmentsForDepreciationAndAmortisationExpenseAndImpairmentLossReversalOfImpairmentLossRecognisedInProfitOrLossIntangibleAssetsPropertyPlantAndEquipmentAndRightOfUseAssets" xlink:role="http://www.xbrl.org/2003/role/label" xlink:title="AdjustmentsForDepreciationAndAmortisationExpenseAndImpairmentLossReversalOfImpairmentLossRecognisedInProfitOrLossIntangibleAssetsPropertyPlantAndEquipmentAndRightOfUseAssets_Label" xml:lang="de">Anpassungen für die erfolgswirksam erfasste planmäßige Abschreibung und Wertminderung (Wertaufholung), immaterielle Vermögenswerte, Sachanlagen und Nutzungsrechte</link:label><link:labelArc xlink:type="arc" xlink:arcrole="http://www.xbrl.org/2003/arcrole/concept-label" xlink:from="AdjustmentsForDepreciationAndAmortisationExpenseAndImpairmentLossReversalOfImpairmentLossRecognisedInProfitOrLossIntangibleAssetsPropertyPlantAndEquipmentAndRightOfUseAssets" xlink:to="label_AdjustmentsForDepreciationAndAmortisationExpenseAndImpairmentLossReversalOfImpairmentLossRecognisedInProfitOrLossIntangibleAssetsPropertyPlantAndEquipmentAndRightOfUseAssets" xlink:title="Label: AdjustmentsForDepreciationAndAmortisationExpenseAndImpairmentLossReversalOfImpairmentLossRecognisedInProfitOrLossIntangibleAssetsPropertyPlantAndEquipmentAndRightOfUseAssets to label_AdjustmentsForDepreciationAndAmortisationExpenseAndImpairmentLossReversalOfImpairmentLossRecognisedInProfitOrLossIntangibleAssetsPropertyPlantAndEquipmentAndRightOfUseAssets"/><link:loc xlink:type="locator" xlink:href="391200T4AUN1BPBXAO14-2023-12-31.xsd#CAN_AdjustmentsForProvisionsNonCurrent" xlink:label="AdjustmentsForProvisionsNonCurrent" xlink:title="AdjustmentsForProvisionsNonCurrent"/><link:label xlink:type="resource" xlink:label="label_AdjustmentsForProvisionsNonCurrent" xlink:role="http://www.xbrl.org/2003/role/label" xlink:title="AdjustmentsForProvisionsNonCurrent_Label" xml:lang="de">Anpassungen für Rückstellungen, langfristige</link:label><link:labelArc xlink:type="arc" xlink:arcrole="http://www.xbrl.org/2003/arcrole/concept-label" xlink:from="AdjustmentsForProvisionsNonCurrent" xlink:to="label_AdjustmentsForProvisionsNonCurrent" xlink:title="Label: AdjustmentsForProvisionsNonCurrent to label_AdjustmentsForProvisionsNonCurrent"/><link:loc xlink:type="locator" xlink:href="391200T4AUN1BPBXAO14-2023-12-31.xsd#CAN_AdjustmentsForProvisionsCurrent" xlink:label="AdjustmentsForProvisionsCurrent" xlink:title="AdjustmentsForProvisionsCurrent"/><link:label xlink:type="resource" xlink:label="label_AdjustmentsForProvisionsCurrent" xlink:role="http://www.xbrl.org/2003/role/label" xlink:title="AdjustmentsForProvisionsCurrent_Label" xml:lang="de">Anpassungen für Rückstellungen, kurzfristige</link:label><link:labelArc xlink:type="arc" xlink:arcrole="http://www.xbrl.org/2003/arcrole/concept-label" xlink:from="AdjustmentsForProvisionsCurrent" xlink:to="label_AdjustmentsForProvisionsCurrent" xlink:title="Label: AdjustmentsForProvisionsCurrent to label_AdjustmentsForProvisionsCurrent"/><link:loc xlink:type="locator" xlink:href="391200T4AUN1BPBXAO14-2023-12-31.xsd#CAN_AdjustmentsForDecreaseIncreaseInTradeAndOtherReceivablesAndAdjustmentsForDecreaseIncreaseInOtherAssets" xlink:label="AdjustmentsForDecreaseIncreaseInTradeAndOtherReceivablesAndAdjustmentsForDecreaseIncreaseInOtherAssets" xlink:title="AdjustmentsForDecreaseIncreaseInTradeAndOtherReceivablesAndAdjustmentsForDecreaseIncreaseInOtherAssets"/><link:label xlink:type="resource" xlink:label="label_AdjustmentsForDecreaseIncreaseInTradeAndOtherReceivablesAndAdjustmentsForDecreaseIncreaseInOtherAssets" xlink:role="http://www.xbrl.org/2003/role/label" xlink:title="AdjustmentsForDecreaseIncreaseInTradeAndOtherReceivablesAndAdjustmentsForDecreaseIncreaseInOtherAssets_Label" xml:lang="de">Anpassungen für die Abnahme (Zunahme) von Forderungen aus Lieferungen und Leistungen und sonstigen Forderungen und Anpassungen für die Abnahme (Zunahme) sonstiger Vermögenswerte</link:label><link:labelArc xlink:type="arc" xlink:arcrole="http://www.xbrl.org/2003/arcrole/concept-label" xlink:from="AdjustmentsForDecreaseIncreaseInTradeAndOtherReceivablesAndAdjustmentsForDecreaseIncreaseInOtherAssets" xlink:to="label_AdjustmentsForDecreaseIncreaseInTradeAndOtherReceivablesAndAdjustmentsForDecreaseIncreaseInOtherAssets" xlink:title="Label: AdjustmentsForDecreaseIncreaseInTradeAndOtherReceivablesAndAdjustmentsForDecreaseIncreaseInOtherAssets to label_AdjustmentsForDecreaseIncreaseInTradeAndOtherReceivablesAndAdjustmentsForDecreaseIncreaseInOtherAssets"/><link:loc xlink:type="locator" xlink:href="391200T4AUN1BPBXAO14-2023-12-31.xsd#CAN_AdjustmentsForIncreaseDecreaseInTradeAndOtherPayablesAndAdjustmentsForIncreaseDecreaseInOtherLiabilities" xlink:label="AdjustmentsForIncreaseDecreaseInTradeAndOtherPayablesAndAdjustmentsForIncreaseDecreaseInOtherLiabilities" xlink:title="AdjustmentsForIncreaseDecreaseInTradeAndOtherPayablesAndAdjustmentsForIncreaseDecreaseInOtherLiabilities"/><link:label xlink:type="resource" xlink:label="label_AdjustmentsForIncreaseDecreaseInTradeAndOtherPayablesAndAdjustmentsForIncreaseDecreaseInOtherLiabilities" xlink:role="http://www.xbrl.org/2003/role/label" xlink:title="AdjustmentsForIncreaseDecreaseInTradeAndOtherPayablesAndAdjustmentsForIncreaseDecreaseInOtherLiabilities_Label" xml:lang="de">Anpassungen für die Zunahme (Abnahme) von Verbindlichkeiten aus Lieferungen und Leistungen und Anpassungen für die Zunahme (Abnahme) sonstiger Schulden</link:label><link:labelArc xlink:type="arc" xlink:arcrole="http://www.xbrl.org/2003/arcrole/concept-label" xlink:from="AdjustmentsForIncreaseDecreaseInTradeAndOtherPayablesAndAdjustmentsForIncreaseDecreaseInOtherLiabilities" xlink:to="label_AdjustmentsForIncreaseDecreaseInTradeAndOtherPayablesAndAdjustmentsForIncreaseDecreaseInOtherLiabilities" xlink:title="Label: AdjustmentsForIncreaseDecreaseInTradeAndOtherPayablesAndAdjustmentsForIncreaseDecreaseInOtherLiabilities to label_AdjustmentsForIncreaseDecreaseInTradeAndOtherPayablesAndAdjustmentsForIncreaseDecreaseInOtherLiabilities"/><link:loc xlink:type="locator" xlink:href="391200T4AUN1BPBXAO14-2023-12-31.xsd#CAN_AdjustmentsForLossesGainsOnDisposalOfDiscontinuedOperations" xlink:label="AdjustmentsForLossesGainsOnDisposalOfDiscontinuedOperations" xlink:title="AdjustmentsForLossesGainsOnDisposalOfDiscontinuedOperations"/><link:label xlink:type="resource" xlink:label="label_AdjustmentsForLossesGainsOnDisposalOfDiscontinuedOperations" xlink:role="http://www.xbrl.org/2003/role/label" xlink:title="AdjustmentsForLossesGainsOnDisposalOfDiscontinuedOperations_Label" xml:lang="de">Anpassungen für Verluste (Gewinne) aus der Veräußerung von aufgegebenen Geschäftsbereichen</link:label><link:labelArc xlink:type="arc" xlink:arcrole="http://www.xbrl.org/2003/arcrole/concept-label" xlink:from="AdjustmentsForLossesGainsOnDisposalOfDiscontinuedOperations" xlink:to="label_AdjustmentsForLossesGainsOnDisposalOfDiscontinuedOperations" xlink:title="Label: AdjustmentsForLossesGainsOnDisposalOfDiscontinuedOperations to label_AdjustmentsForLossesGainsOnDisposalOfDiscontinuedOperations"/><link:loc xlink:type="locator" xlink:href="https://xbrl.ifrs.org/taxonomy/2022-03-24/full_ifrs/full_ifrs-cor_2022-03-24.xsd#ifrs-full_CashFlowsFromUsedInOperatingActivities" xlink:label="CashFlowsFromUsedInOperatingActivities" xlink:title="CashFlowsFromUsedInOperatingActivities"/><link:label xlink:type="resource" xlink:label="label_CashFlowsFromUsedInOperatingActivities" xlink:role="http://www.xbrl.org/2003/role/totalLabel" xlink:title="CashFlowsFromUsedInOperatingActivities_Label" xml:lang="de">Zahlungsströme aus (in) betrieblichen Tätigkeiten</link:label><link:labelArc xlink:type="arc" xlink:arcrole="http://www.xbrl.org/2003/arcrole/concept-label" xlink:from="CashFlowsFromUsedInOperatingActivities" xlink:to="label_CashFlowsFromUsedInOperatingActivities" xlink:title="Label: CashFlowsFromUsedInOperatingActivities to label_CashFlowsFromUsedInOperatingActivities"/><link:loc xlink:type="locator" xlink:href="391200T4AUN1BPBXAO14-2023-12-31.xsd#CAN_ProceedsFromCashAndCashEquivalentsInSubsidiaryOrBusinessesAcquired" xlink:label="ProceedsFromCashAndCashEquivalentsInSubsidiaryOrBusinessesAcquired" xlink:title="ProceedsFromCashAndCashEquivalentsInSubsidiaryOrBusinessesAcquired"/><link:label xlink:type="resource" xlink:label="label_ProceedsFromCashAndCashEquivalentsInSubsidiaryOrBusinessesAcquired" xlink:role="http://www.xbrl.org/2003/role/label" xlink:title="ProceedsFromCashAndCashEquivalentsInSubsidiaryOrBusinessesAcquired_Label" xml:lang="de">Erlöse aus Zahlungsmitteln und Zahlungsmitteläquivalenten in erworbenen Tochtergesellschaften oder Unternehmen</link:label><link:labelArc xlink:type="arc" xlink:arcrole="http://www.xbrl.org/2003/arcrole/concept-label" xlink:from="ProceedsFromCashAndCashEquivalentsInSubsidiaryOrBusinessesAcquired" xlink:to="label_ProceedsFromCashAndCashEquivalentsInSubsidiaryOrBusinessesAcquired" xlink:title="Label: ProceedsFromCashAndCashEquivalentsInSubsidiaryOrBusinessesAcquired to label_ProceedsFromCashAndCashEquivalentsInSubsidiaryOrBusinessesAcquired"/><link:loc xlink:type="locator" xlink:href="391200T4AUN1BPBXAO14-2023-12-31.xsd#CAN_PaymentsForCashAndCashEquivalentsInSubsidiaryOrBusinessesDisposed" xlink:label="PaymentsForCashAndCashEquivalentsInSubsidiaryOrBusinessesDisposed" xlink:title="PaymentsForCashAndCashEquivalentsInSubsidiaryOrBusinessesDisposed"/><link:label xlink:type="resource" xlink:label="label_PaymentsForCashAndCashEquivalentsInSubsidiaryOrBusinessesDisposed" xlink:role="http://www.xbrl.org/2003/role/label" xlink:title="PaymentsForCashAndCashEquivalentsInSubsidiaryOrBusinessesDisposed_Label" xml:lang="de">Zahlungen für Zahlungsmittel und Zahlungsmitteläquivalente in veräußerten Tochterunternehmen oder Unternehmen</link:label><link:labelArc xlink:type="arc" xlink:arcrole="http://www.xbrl.org/2003/arcrole/concept-label" xlink:from="PaymentsForCashAndCashEquivalentsInSubsidiaryOrBusinessesDisposed" xlink:to="label_PaymentsForCashAndCashEquivalentsInSubsidiaryOrBusinessesDisposed" xlink:title="Label: PaymentsForCashAndCashEquivalentsInSubsidiaryOrBusinessesDisposed to label_PaymentsForCashAndCashEquivalentsInSubsidiaryOrBusinessesDisposed"/><link:loc xlink:type="locator" xlink:href="391200T4AUN1BPBXAO14-2023-12-31.xsd#CAN_DividendsReceivedAndInterestReceivedClassifiedAsInvestingActivities" xlink:label="DividendsReceivedAndInterestReceivedClassifiedAsInvestingActivities" xlink:title="DividendsReceivedAndInterestReceivedClassifiedAsInvestingActivities"/><link:label xlink:type="resource" xlink:label="label_DividendsReceivedAndInterestReceivedClassifiedAsInvestingActivities" xlink:role="http://www.xbrl.org/2003/role/label" xlink:title="DividendsReceivedAndInterestReceivedClassifiedAsInvestingActivities_Label" xml:lang="de">Erhaltene Dividenden und erhaltene Zinsen, als Investitionstätigkeit eingestuft</link:label><link:labelArc xlink:type="arc" xlink:arcrole="http://www.xbrl.org/2003/arcrole/concept-label" xlink:from="DividendsReceivedAndInterestReceivedClassifiedAsInvestingActivities" xlink:to="label_DividendsReceivedAndInterestReceivedClassifiedAsInvestingActivities" xlink:title="Label: DividendsReceivedAndInterestReceivedClassifiedAsInvestingActivities to label_DividendsReceivedAndInterestReceivedClassifiedAsInvestingActivities"/><link:loc xlink:type="locator" xlink:href="https://xbrl.ifrs.org/taxonomy/2022-03-24/full_ifrs/full_ifrs-cor_2022-03-24.xsd#ifrs-full_CashFlowsFromUsedInInvestingActivities" xlink:label="CashFlowsFromUsedInInvestingActivities" xlink:title="CashFlowsFromUsedInInvestingActivities"/><link:label xlink:type="resource" xlink:label="label_CashFlowsFromUsedInInvestingActivities" xlink:role="http://www.xbrl.org/2003/role/totalLabel" xlink:title="CashFlowsFromUsedInInvestingActivities_Label" xml:lang="de">Zahlungsströme aus (in) Investitionstätigkeit</link:label><link:labelArc xlink:type="arc" xlink:arcrole="http://www.xbrl.org/2003/arcrole/concept-label" xlink:from="CashFlowsFromUsedInInvestingActivities" xlink:to="label_CashFlowsFromUsedInInvestingActivities" xlink:title="Label: CashFlowsFromUsedInInvestingActivities to label_CashFlowsFromUsedInInvestingActivities"/><link:loc xlink:type="locator" xlink:href="391200T4AUN1BPBXAO14-2023-12-31.xsd#CAN_IncreaseDecreaseInCurrentLiabilitiesToLeasingCompaniesClassifiedAsFinancingActivities" xlink:label="IncreaseDecreaseInCurrentLiabilitiesToLeasingCompaniesClassifiedAsFinancingActivities" xlink:title="IncreaseDecreaseInCurrentLiabilitiesToLeasingCompaniesClassifiedAsFinancingActivities"/><link:label xlink:type="resource" xlink:label="label_IncreaseDecreaseInCurrentLiabilitiesToLeasingCompaniesClassifiedAsFinancingActivities" xlink:role="http://www.xbrl.org/2003/role/label" xlink:title="IncreaseDecreaseInCurrentLiabilitiesToLeasingCompaniesClassifiedAsFinancingActivities_Label" xml:lang="de">Zunahme (Abnahme) der kurzfristigen Verbindlichkeiten gegenüber Leasinggesellschaften, klassifiziert als Finanzierungstätigkeit</link:label><link:labelArc xlink:type="arc" xlink:arcrole="http://www.xbrl.org/2003/arcrole/concept-label" xlink:from="IncreaseDecreaseInCurrentLiabilitiesToLeasingCompaniesClassifiedAsFinancingActivities" xlink:to="label_IncreaseDecreaseInCurrentLiabilitiesToLeasingCompaniesClassifiedAsFinancingActivities" xlink:title="Label: IncreaseDecreaseInCurrentLiabilitiesToLeasingCompaniesClassifiedAsFinancingActivities to label_IncreaseDecreaseInCurrentLiabilitiesToLeasingCompaniesClassifiedAsFinancingActivities"/><link:loc xlink:type="locator" xlink:href="https://xbrl.ifrs.org/taxonomy/2022-03-24/full_ifrs/full_ifrs-cor_2022-03-24.xsd#ifrs-full_CashFlowsFromUsedInFinancingActivities" xlink:label="CashFlowsFromUsedInFinancingActivities" xlink:title="CashFlowsFromUsedInFinancingActivities"/><link:label xlink:type="resource" xlink:label="label_CashFlowsFromUsedInFinancingActivities" xlink:role="http://www.xbrl.org/2003/role/totalLabel" xlink:title="CashFlowsFromUsedInFinancingActivities_Label" xml:lang="de">Zahlungsströme aus (in) Finanzierungstätigkeit</link:label><link:labelArc xlink:type="arc" xlink:arcrole="http://www.xbrl.org/2003/arcrole/concept-label" xlink:from="CashFlowsFromUsedInFinancingActivities" xlink:to="label_CashFlowsFromUsedInFinancingActivities" xlink:title="Label: CashFlowsFromUsedInFinancingActivities to label_CashFlowsFromUsedInFinancingActivities"/><link:loc xlink:type="locator" xlink:href="https://xbrl.ifrs.org/taxonomy/2022-03-24/full_ifrs/full_ifrs-cor_2022-03-24.xsd#ifrs-full_IncreaseDecreaseInCashAndCashEquivalentsBeforeEffectOfExchangeRateChanges" xlink:label="IncreaseDecreaseInCashAndCashEquivalentsBeforeEffectOfExchangeRateChanges" xlink:title="IncreaseDecreaseInCashAndCashEquivalentsBeforeEffectOfExchangeRateChanges"/><link:label xlink:type="resource" xlink:label="label_IncreaseDecreaseInCashAndCashEquivalentsBeforeEffectOfExchangeRateChanges" xlink:role="http://www.xbrl.org/2003/role/totalLabel" xlink:title="IncreaseDecreaseInCashAndCashEquivalentsBeforeEffectOfExchangeRateChanges_Label" xml:lang="de">Zunahme (Abnahme) von Zahlungsmitteln und Zahlungsmitteläquivalenten vor den Auswirkungen von Wechselkursänderungen</link:label><link:labelArc xlink:type="arc" xlink:arcrole="http://www.xbrl.org/2003/arcrole/concept-label" xlink:from="IncreaseDecreaseInCashAndCashEquivalentsBeforeEffectOfExchangeRateChanges" xlink:to="label_IncreaseDecreaseInCashAndCashEquivalentsBeforeEffectOfExchangeRateChanges" xlink:title="Label: IncreaseDecreaseInCashAndCashEquivalentsBeforeEffectOfExchangeRateChanges to label_IncreaseDecreaseInCashAndCashEquivalentsBeforeEffectOfExchangeRateChanges"/><link:loc xlink:type="locator" xlink:href="391200T4AUN1BPBXAO14-2023-12-31.xsd#CAN_CashAndCashEquivalentsFromContinuingOperations" xlink:label="CashAndCashEquivalentsFromContinuingOperations" xlink:title="CashAndCashEquivalentsFromContinuingOperations"/><link:label xlink:type="resource" xlink:label="label_CashAndCashEquivalentsFromContinuingOperations" xlink:role="http://www.xbrl.org/2003/role/label" xlink:title="CashAndCashEquivalentsFromContinuingOperations_Label" xml:lang="de">Zahlungsmittel und Zahlungsmitteläquivalente aus fortzuführenden Geschäften</link:label><link:labelArc xlink:type="arc" xlink:arcrole="http://www.xbrl.org/2003/arcrole/concept-label" xlink:from="CashAndCashEquivalentsFromContinuingOperations" xlink:to="label_CashAndCashEquivalentsFromContinuingOperations" xlink:title="Label: CashAndCashEquivalentsFromContinuingOperations to label_CashAndCashEquivalentsFromContinuingOperations"/><link:loc xlink:type="locator" xlink:href="391200T4AUN1BPBXAO14-2023-12-31.xsd#CAN_CashAndCashEquivalentsFromDiscontinuedOperations" xlink:label="CashAndCashEquivalentsFromDiscontinuedOperations" xlink:title="CashAndCashEquivalentsFromDiscontinuedOperations"/><link:label xlink:type="resource" xlink:label="label_CashAndCashEquivalentsFromDiscontinuedOperations" xlink:role="http://www.xbrl.org/2003/role/label" xlink:title="CashAndCashEquivalentsFromDiscontinuedOperations_Label" xml:lang="de">Zahlungsmittel und Zahlungsmitteläquivalente aus aufgegebenen Geschäftsbereichen</link:label><link:labelArc xlink:type="arc" xlink:arcrole="http://www.xbrl.org/2003/arcrole/concept-label" xlink:from="CashAndCashEquivalentsFromDiscontinuedOperations" xlink:to="label_CashAndCashEquivalentsFromDiscontinuedOperations" xlink:title="Label: CashAndCashEquivalentsFromDiscontinuedOperations to label_CashAndCashEquivalentsFromDiscontinuedOperations"/><link:loc xlink:type="locator" xlink:href="391200T4AUN1BPBXAO14-2023-12-31.xsd#CAN_IncreaseDecreaseInNumberOfSharesOutstandingThroughReductionOfIssuedCapital" xlink:label="IncreaseDecreaseInNumberOfSharesOutstandingThroughReductionOfIssuedCapital" xlink:title="IncreaseDecreaseInNumberOfSharesOutstandingThroughReductionOfIssuedCapital"/><link:label xlink:type="resource" xlink:label="label_IncreaseDecreaseInNumberOfSharesOutstandingThroughReductionOfIssuedCapital" xlink:role="http://www.xbrl.org/2003/role/label" xlink:title="IncreaseDecreaseInNumberOfSharesOutstandingThroughReductionOfIssuedCapital_Label" xml:lang="de">Erhöhung (Verringerung) der Anzahl der ausstehenden Aktien durch Herabsetzung des ausgegebenen Kapitals</link:label><link:labelArc xlink:type="arc" xlink:arcrole="http://www.xbrl.org/2003/arcrole/concept-label" xlink:from="IncreaseDecreaseInNumberOfSharesOutstandingThroughReductionOfIssuedCapital" xlink:to="label_IncreaseDecreaseInNumberOfSharesOutstandingThroughReductionOfIssuedCapital" xlink:title="Label: IncreaseDecreaseInNumberOfSharesOutstandingThroughReductionOfIssuedCapital to label_IncreaseDecreaseInNumberOfSharesOutstandingThroughReductionOfIssuedCapital"/><link:loc xlink:type="locator" xlink:href="391200T4AUN1BPBXAO14-2023-12-31.xsd#CAN_DecreaseThroughChangesInOwnershipInterestsInSubsidiariesThatDoNotResultInLossOfControl" xlink:label="DecreaseThroughChangesInOwnershipInterestsInSubsidiariesThatDoNotResultInLossOfControl" xlink:title="DecreaseThroughChangesInOwnershipInterestsInSubsidiariesThatDoNotResultInLossOfControl"/><link:label xlink:type="resource" xlink:label="label_DecreaseThroughChangesInOwnershipInterestsInSubsidiariesThatDoNotResultInLossOfControl" xlink:role="http://www.xbrl.org/2003/role/label" xlink:title="DecreaseThroughChangesInOwnershipInterestsInSubsidiariesThatDoNotResultInLossOfControl_Label" xml:lang="de">Abnahme durch Änderungen an den Eigentumsanteilen an Tochterunternehmen, die nicht zu einem Beherrschungsverlust führen, Eigenkapital</link:label><link:labelArc xlink:type="arc" xlink:arcrole="http://www.xbrl.org/2003/arcrole/concept-label" xlink:from="DecreaseThroughChangesInOwnershipInterestsInSubsidiariesThatDoNotResultInLossOfControl" xlink:to="label_DecreaseThroughChangesInOwnershipInterestsInSubsidiariesThatDoNotResultInLossOfControl" xlink:title="Label: DecreaseThroughChangesInOwnershipInterestsInSubsidiariesThatDoNotResultInLossOfControl to label_DecreaseThroughChangesInOwnershipInterestsInSubsidiariesThatDoNotResultInLossOfControl"/><link:loc xlink:type="locator" xlink:href="391200T4AUN1BPBXAO14-2023-12-31.xsd#CAN_IncreaseThroughChangesInOwnershipInterestsInSubsidiariesThatDoNotResultInLossOfControl" xlink:label="IncreaseThroughChangesInOwnershipInterestsInSubsidiariesThatDoNotResultInLossOfControl" xlink:title="IncreaseThroughChangesInOwnershipInterestsInSubsidiariesThatDoNotResultInLossOfControl"/><link:label xlink:type="resource" xlink:label="label_IncreaseThroughChangesInOwnershipInterestsInSubsidiariesThatDoNotResultInLossOfControl" xlink:role="http://www.xbrl.org/2003/role/label" xlink:title="IncreaseThroughChangesInOwnershipInterestsInSubsidiariesThatDoNotResultInLossOfControl_Label" xml:lang="de">Zunahme durch Änderungen an den Eigentumsanteilen an Tochterunternehmen, die nicht zu einem Beherrschungsverlust führen, Eigenkapital</link:label><link:labelArc xlink:type="arc" xlink:arcrole="http://www.xbrl.org/2003/arcrole/concept-label" xlink:from="IncreaseThroughChangesInOwnershipInterestsInSubsidiariesThatDoNotResultInLossOfControl" xlink:to="label_IncreaseThroughChangesInOwnershipInterestsInSubsidiariesThatDoNotResultInLossOfControl" xlink:title="Label: IncreaseThroughChangesInOwnershipInterestsInSubsidiariesThatDoNotResultInLossOfControl to label_IncreaseThroughChangesInOwnershipInterestsInSubsidiariesThatDoNotResultInLossOfControl"/></link:labelLink></link:linkbase>