<?xml version="1.0" encoding ="UTF-8"?><link:linkbase xmlns:xsi="http://www.w3.org/2001/XMLSchema-instance" xsi:schemaLocation="http://www.xbrl.org/2003/linkbase http://www.xbrl.org/2003/xbrl-linkbase-2003-12-31.xsd" xmlns:link="http://www.xbrl.org/2003/linkbase" xmlns:xbrli="http://www.xbrl.org/2003/instance" xmlns:xlink="http://www.w3.org/1999/xlink" xmlns:xbrldt="http://xbrl.org/2005/xbrldt"><link:roleRef roleURI="http://cancom.com/role/StatementOfFinancialPosition" xlink:type="simple" xlink:href="391200T4AUN1BPBXAO14-2023-12-31.xsd#StatementOfFinancialPosition"/><link:roleRef roleURI="http://cancom.com/role/IncomeStatement" xlink:type="simple" xlink:href="391200T4AUN1BPBXAO14-2023-12-31.xsd#IncomeStatement"/><link:roleRef roleURI="http://cancom.com/role/StatementOfComprehensiveIncome" xlink:type="simple" xlink:href="391200T4AUN1BPBXAO14-2023-12-31.xsd#StatementOfComprehensiveIncome"/><link:roleRef roleURI="http://cancom.com/role/CashFlowStatement" xlink:type="simple" xlink:href="391200T4AUN1BPBXAO14-2023-12-31.xsd#CashFlowStatement"/><link:roleRef roleURI="http://cancom.com/role/ChangesinEquity" xlink:type="simple" xlink:href="391200T4AUN1BPBXAO14-2023-12-31.xsd#ChangesinEquity"/><link:calculationLink xlink:type="extended" xlink:role="http://cancom.com/role/StatementOfFinancialPosition"><link:loc xlink:type="locator" xlink:href="https://xbrl.ifrs.org/taxonomy/2022-03-24/full_ifrs/full_ifrs-cor_2022-03-24.xsd#ifrs-full_CurrentAssets" xlink:label="CurrentAssets" xlink:title="CurrentAssets"/><link:loc xlink:type="locator" xlink:href="https://xbrl.ifrs.org/taxonomy/2022-03-24/full_ifrs/full_ifrs-cor_2022-03-24.xsd#ifrs-full_CashAndCashEquivalents" xlink:label="CashAndCashEquivalents" xlink:title="CashAndCashEquivalents"/><link:calculationArc xlink:type="arc" xlink:arcrole="http://www.xbrl.org/2003/arcrole/summation-item" xlink:from="CurrentAssets" xlink:to="CashAndCashEquivalents" xlink:title="Calculation: CurrentAssets to CashAndCashEquivalents" order="1.0" weight="1"/><link:loc xlink:type="locator" xlink:href="https://xbrl.ifrs.org/taxonomy/2022-03-24/full_ifrs/full_ifrs-cor_2022-03-24.xsd#ifrs-full_CurrentTradeReceivables" xlink:label="CurrentTradeReceivables" xlink:title="CurrentTradeReceivables"/><link:calculationArc xlink:type="arc" xlink:arcrole="http://www.xbrl.org/2003/arcrole/summation-item" xlink:from="CurrentAssets" xlink:to="CurrentTradeReceivables" xlink:title="Calculation: CurrentAssets to CurrentTradeReceivables" order="2.0" weight="1"/><link:loc xlink:type="locator" xlink:href="https://xbrl.ifrs.org/taxonomy/2022-03-24/full_ifrs/full_ifrs-cor_2022-03-24.xsd#ifrs-full_CurrentContractAssets" xlink:label="CurrentContractAssets" xlink:title="CurrentContractAssets"/><link:calculationArc xlink:type="arc" xlink:arcrole="http://www.xbrl.org/2003/arcrole/summation-item" xlink:from="CurrentAssets" xlink:to="CurrentContractAssets" xlink:title="Calculation: CurrentAssets to CurrentContractAssets" order="3.0" weight="1"/><link:loc xlink:type="locator" xlink:href="391200T4AUN1BPBXAO14-2023-12-31.xsd#CAN_CurrentAssetsRecognisedFromCostsToObtainOrFulfilContractsWithCustomers" xlink:label="CurrentAssetsRecognisedFromCostsToObtainOrFulfilContractsWithCustomers" xlink:title="CurrentAssetsRecognisedFromCostsToObtainOrFulfilContractsWithCustomers"/><link:calculationArc xlink:type="arc" xlink:arcrole="http://www.xbrl.org/2003/arcrole/summation-item" xlink:from="CurrentAssets" xlink:to="CurrentAssetsRecognisedFromCostsToObtainOrFulfilContractsWithCustomers" xlink:title="Calculation: CurrentAssets to CurrentAssetsRecognisedFromCostsToObtainOrFulfilContractsWithCustomers" order="4.0" weight="1"/><link:loc xlink:type="locator" xlink:href="https://xbrl.ifrs.org/taxonomy/2022-03-24/full_ifrs/full_ifrs-cor_2022-03-24.xsd#ifrs-full_Inventories" xlink:label="Inventories" xlink:title="Inventories"/><link:calculationArc xlink:type="arc" xlink:arcrole="http://www.xbrl.org/2003/arcrole/summation-item" xlink:from="CurrentAssets" xlink:to="Inventories" xlink:title="Calculation: CurrentAssets to Inventories" order="5.0" weight="1"/><link:loc xlink:type="locator" xlink:href="https://xbrl.ifrs.org/taxonomy/2022-03-24/full_ifrs/full_ifrs-cor_2022-03-24.xsd#ifrs-full_OtherCurrentFinancialAssets" xlink:label="OtherCurrentFinancialAssets" xlink:title="OtherCurrentFinancialAssets"/><link:calculationArc xlink:type="arc" xlink:arcrole="http://www.xbrl.org/2003/arcrole/summation-item" xlink:from="CurrentAssets" xlink:to="OtherCurrentFinancialAssets" xlink:title="Calculation: CurrentAssets to OtherCurrentFinancialAssets" order="6.0" weight="1"/><link:loc xlink:type="locator" xlink:href="https://xbrl.ifrs.org/taxonomy/2022-03-24/full_ifrs/full_ifrs-cor_2022-03-24.xsd#ifrs-full_OtherCurrentNonfinancialAssets" xlink:label="OtherCurrentNonfinancialAssets" xlink:title="OtherCurrentNonfinancialAssets"/><link:calculationArc xlink:type="arc" xlink:arcrole="http://www.xbrl.org/2003/arcrole/summation-item" xlink:from="CurrentAssets" xlink:to="OtherCurrentNonfinancialAssets" xlink:title="Calculation: CurrentAssets to OtherCurrentNonfinancialAssets" order="7.0" weight="1"/><link:loc xlink:type="locator" xlink:href="https://xbrl.ifrs.org/taxonomy/2022-03-24/full_ifrs/full_ifrs-cor_2022-03-24.xsd#ifrs-full_NoncurrentAssets" xlink:label="NoncurrentAssets" xlink:title="NoncurrentAssets"/><link:loc xlink:type="locator" xlink:href="https://xbrl.ifrs.org/taxonomy/2022-03-24/full_ifrs/full_ifrs-cor_2022-03-24.xsd#ifrs-full_PropertyPlantAndEquipment" xlink:label="PropertyPlantAndEquipment" xlink:title="PropertyPlantAndEquipment"/><link:calculationArc xlink:type="arc" xlink:arcrole="http://www.xbrl.org/2003/arcrole/summation-item" xlink:from="NoncurrentAssets" xlink:to="PropertyPlantAndEquipment" xlink:title="Calculation: NoncurrentAssets to PropertyPlantAndEquipment" order="1.0" weight="1"/><link:loc xlink:type="locator" xlink:href="https://xbrl.ifrs.org/taxonomy/2022-03-24/full_ifrs/full_ifrs-cor_2022-03-24.xsd#ifrs-full_IntangibleAssetsOtherThanGoodwill" xlink:label="IntangibleAssetsOtherThanGoodwill" xlink:title="IntangibleAssetsOtherThanGoodwill"/><link:calculationArc xlink:type="arc" xlink:arcrole="http://www.xbrl.org/2003/arcrole/summation-item" xlink:from="NoncurrentAssets" xlink:to="IntangibleAssetsOtherThanGoodwill" xlink:title="Calculation: NoncurrentAssets to IntangibleAssetsOtherThanGoodwill" order="2.0" weight="1"/><link:loc xlink:type="locator" xlink:href="https://xbrl.ifrs.org/taxonomy/2022-03-24/full_ifrs/full_ifrs-cor_2022-03-24.xsd#ifrs-full_Goodwill" xlink:label="Goodwill" xlink:title="Goodwill"/><link:calculationArc xlink:type="arc" xlink:arcrole="http://www.xbrl.org/2003/arcrole/summation-item" xlink:from="NoncurrentAssets" xlink:to="Goodwill" xlink:title="Calculation: NoncurrentAssets to Goodwill" order="3.0" weight="1"/><link:loc xlink:type="locator" xlink:href="https://xbrl.ifrs.org/taxonomy/2022-03-24/full_ifrs/full_ifrs-cor_2022-03-24.xsd#ifrs-full_RightofuseAssets" xlink:label="RightofuseAssets" xlink:title="RightofuseAssets"/><link:calculationArc xlink:type="arc" xlink:arcrole="http://www.xbrl.org/2003/arcrole/summation-item" xlink:from="NoncurrentAssets" xlink:to="RightofuseAssets" xlink:title="Calculation: NoncurrentAssets to RightofuseAssets" order="4.0" weight="1"/><link:loc xlink:type="locator" xlink:href="https://xbrl.ifrs.org/taxonomy/2022-03-24/full_ifrs/full_ifrs-cor_2022-03-24.xsd#ifrs-full_FinancialAssetsAtFairValueThroughOtherComprehensiveIncome" xlink:label="FinancialAssetsAtFairValueThroughOtherComprehensiveIncome" xlink:title="FinancialAssetsAtFairValueThroughOtherComprehensiveIncome"/><link:calculationArc xlink:type="arc" xlink:arcrole="http://www.xbrl.org/2003/arcrole/summation-item" xlink:from="NoncurrentAssets" xlink:to="FinancialAssetsAtFairValueThroughOtherComprehensiveIncome" xlink:title="Calculation: NoncurrentAssets to FinancialAssetsAtFairValueThroughOtherComprehensiveIncome" order="5.0" weight="1"/><link:loc xlink:type="locator" xlink:href="https://xbrl.ifrs.org/taxonomy/2022-03-24/full_ifrs/full_ifrs-cor_2022-03-24.xsd#ifrs-full_InvestmentAccountedForUsingEquityMethod" xlink:label="InvestmentAccountedForUsingEquityMethod" xlink:title="InvestmentAccountedForUsingEquityMethod"/><link:calculationArc xlink:type="arc" xlink:arcrole="http://www.xbrl.org/2003/arcrole/summation-item" xlink:from="NoncurrentAssets" xlink:to="InvestmentAccountedForUsingEquityMethod" xlink:title="Calculation: NoncurrentAssets to InvestmentAccountedForUsingEquityMethod" order="6.0" weight="1"/><link:loc xlink:type="locator" xlink:href="391200T4AUN1BPBXAO14-2023-12-31.xsd#CAN_NonCurrentAssetsRecognisedFromCostsToObtainOrFulfilContractsWithCustomers" xlink:label="NonCurrentAssetsRecognisedFromCostsToObtainOrFulfilContractsWithCustomers" xlink:title="NonCurrentAssetsRecognisedFromCostsToObtainOrFulfilContractsWithCustomers"/><link:calculationArc xlink:type="arc" xlink:arcrole="http://www.xbrl.org/2003/arcrole/summation-item" xlink:from="NoncurrentAssets" xlink:to="NonCurrentAssetsRecognisedFromCostsToObtainOrFulfilContractsWithCustomers" xlink:title="Calculation: NoncurrentAssets to NonCurrentAssetsRecognisedFromCostsToObtainOrFulfilContractsWithCustomers" order="7.0" weight="1"/><link:loc xlink:type="locator" xlink:href="https://xbrl.ifrs.org/taxonomy/2022-03-24/full_ifrs/full_ifrs-cor_2022-03-24.xsd#ifrs-full_DeferredTaxAssets" xlink:label="DeferredTaxAssets" xlink:title="DeferredTaxAssets"/><link:calculationArc xlink:type="arc" xlink:arcrole="http://www.xbrl.org/2003/arcrole/summation-item" xlink:from="NoncurrentAssets" xlink:to="DeferredTaxAssets" xlink:title="Calculation: NoncurrentAssets to DeferredTaxAssets" order="8.0" weight="1"/><link:loc xlink:type="locator" xlink:href="https://xbrl.ifrs.org/taxonomy/2022-03-24/full_ifrs/full_ifrs-cor_2022-03-24.xsd#ifrs-full_OtherNoncurrentFinancialAssets" xlink:label="OtherNoncurrentFinancialAssets" xlink:title="OtherNoncurrentFinancialAssets"/><link:calculationArc xlink:type="arc" xlink:arcrole="http://www.xbrl.org/2003/arcrole/summation-item" xlink:from="NoncurrentAssets" xlink:to="OtherNoncurrentFinancialAssets" xlink:title="Calculation: NoncurrentAssets to OtherNoncurrentFinancialAssets" order="9.0" weight="1"/><link:loc xlink:type="locator" xlink:href="https://xbrl.ifrs.org/taxonomy/2022-03-24/full_ifrs/full_ifrs-cor_2022-03-24.xsd#ifrs-full_OtherNoncurrentNonfinancialAssets" xlink:label="OtherNoncurrentNonfinancialAssets" xlink:title="OtherNoncurrentNonfinancialAssets"/><link:calculationArc xlink:type="arc" xlink:arcrole="http://www.xbrl.org/2003/arcrole/summation-item" xlink:from="NoncurrentAssets" xlink:to="OtherNoncurrentNonfinancialAssets" xlink:title="Calculation: NoncurrentAssets to OtherNoncurrentNonfinancialAssets" order="10.0" weight="1"/><link:loc xlink:type="locator" xlink:href="https://xbrl.ifrs.org/taxonomy/2022-03-24/full_ifrs/full_ifrs-cor_2022-03-24.xsd#ifrs-full_Assets" xlink:label="Assets" xlink:title="Assets"/><link:calculationArc xlink:type="arc" xlink:arcrole="http://www.xbrl.org/2003/arcrole/summation-item" xlink:from="Assets" xlink:to="CurrentAssets" xlink:title="Calculation: Assets to CurrentAssets" order="1.0" weight="1"/><link:calculationArc xlink:type="arc" xlink:arcrole="http://www.xbrl.org/2003/arcrole/summation-item" xlink:from="Assets" xlink:to="NoncurrentAssets" xlink:title="Calculation: Assets to NoncurrentAssets" order="2.0" weight="1"/><link:loc xlink:type="locator" xlink:href="https://xbrl.ifrs.org/taxonomy/2022-03-24/full_ifrs/full_ifrs-cor_2022-03-24.xsd#ifrs-full_CurrentLiabilities" xlink:label="CurrentLiabilities" xlink:title="CurrentLiabilities"/><link:loc xlink:type="locator" xlink:href="https://xbrl.ifrs.org/taxonomy/2022-03-24/full_ifrs/full_ifrs-cor_2022-03-24.xsd#ifrs-full_ShorttermBorrowings" xlink:label="ShorttermBorrowings" xlink:title="ShorttermBorrowings"/><link:calculationArc xlink:type="arc" xlink:arcrole="http://www.xbrl.org/2003/arcrole/summation-item" xlink:from="CurrentLiabilities" xlink:to="ShorttermBorrowings" xlink:title="Calculation: CurrentLiabilities to ShorttermBorrowings" order="1.0" weight="1"/><link:loc xlink:type="locator" xlink:href="https://xbrl.ifrs.org/taxonomy/2022-03-24/full_ifrs/full_ifrs-cor_2022-03-24.xsd#ifrs-full_TradeAndOtherCurrentPayablesToTradeSuppliers" xlink:label="TradeAndOtherCurrentPayablesToTradeSuppliers" xlink:title="TradeAndOtherCurrentPayablesToTradeSuppliers"/><link:calculationArc xlink:type="arc" xlink:arcrole="http://www.xbrl.org/2003/arcrole/summation-item" xlink:from="CurrentLiabilities" xlink:to="TradeAndOtherCurrentPayablesToTradeSuppliers" xlink:title="Calculation: CurrentLiabilities to TradeAndOtherCurrentPayablesToTradeSuppliers" order="2.0" weight="1"/><link:loc xlink:type="locator" xlink:href="https://xbrl.ifrs.org/taxonomy/2022-03-24/full_ifrs/full_ifrs-cor_2022-03-24.xsd#ifrs-full_OtherCurrentFinancialLiabilities" xlink:label="OtherCurrentFinancialLiabilities" xlink:title="OtherCurrentFinancialLiabilities"/><link:calculationArc xlink:type="arc" xlink:arcrole="http://www.xbrl.org/2003/arcrole/summation-item" xlink:from="CurrentLiabilities" xlink:to="OtherCurrentFinancialLiabilities" xlink:title="Calculation: CurrentLiabilities to OtherCurrentFinancialLiabilities" order="3.0" weight="1"/><link:loc xlink:type="locator" xlink:href="https://xbrl.ifrs.org/taxonomy/2022-03-24/full_ifrs/full_ifrs-cor_2022-03-24.xsd#ifrs-full_CurrentProvisionsForEmployeeBenefits" xlink:label="CurrentProvisionsForEmployeeBenefits" xlink:title="CurrentProvisionsForEmployeeBenefits"/><link:calculationArc xlink:type="arc" xlink:arcrole="http://www.xbrl.org/2003/arcrole/summation-item" xlink:from="CurrentLiabilities" xlink:to="CurrentProvisionsForEmployeeBenefits" xlink:title="Calculation: CurrentLiabilities to CurrentProvisionsForEmployeeBenefits" order="4.0" weight="1"/><link:loc xlink:type="locator" xlink:href="https://xbrl.ifrs.org/taxonomy/2022-03-24/full_ifrs/full_ifrs-cor_2022-03-24.xsd#ifrs-full_OtherShorttermProvisions" xlink:label="OtherShorttermProvisions" xlink:title="OtherShorttermProvisions"/><link:calculationArc xlink:type="arc" xlink:arcrole="http://www.xbrl.org/2003/arcrole/summation-item" xlink:from="CurrentLiabilities" xlink:to="OtherShorttermProvisions" xlink:title="Calculation: CurrentLiabilities to OtherShorttermProvisions" order="5.0" weight="1"/><link:loc xlink:type="locator" xlink:href="https://xbrl.ifrs.org/taxonomy/2022-03-24/full_ifrs/full_ifrs-cor_2022-03-24.xsd#ifrs-full_CurrentContractLiabilities" xlink:label="CurrentContractLiabilities" xlink:title="CurrentContractLiabilities"/><link:calculationArc xlink:type="arc" xlink:arcrole="http://www.xbrl.org/2003/arcrole/summation-item" xlink:from="CurrentLiabilities" xlink:to="CurrentContractLiabilities" xlink:title="Calculation: CurrentLiabilities to CurrentContractLiabilities" order="6.0" weight="1"/><link:loc xlink:type="locator" xlink:href="https://xbrl.ifrs.org/taxonomy/2022-03-24/full_ifrs/full_ifrs-cor_2022-03-24.xsd#ifrs-full_CurrentTaxLiabilitiesCurrent" xlink:label="CurrentTaxLiabilitiesCurrent" xlink:title="CurrentTaxLiabilitiesCurrent"/><link:calculationArc xlink:type="arc" xlink:arcrole="http://www.xbrl.org/2003/arcrole/summation-item" xlink:from="CurrentLiabilities" xlink:to="CurrentTaxLiabilitiesCurrent" xlink:title="Calculation: CurrentLiabilities to CurrentTaxLiabilitiesCurrent" order="7.0" weight="1"/><link:loc xlink:type="locator" xlink:href="https://xbrl.ifrs.org/taxonomy/2022-03-24/full_ifrs/full_ifrs-cor_2022-03-24.xsd#ifrs-full_OtherCurrentNonfinancialLiabilities" xlink:label="OtherCurrentNonfinancialLiabilities" xlink:title="OtherCurrentNonfinancialLiabilities"/><link:calculationArc xlink:type="arc" xlink:arcrole="http://www.xbrl.org/2003/arcrole/summation-item" xlink:from="CurrentLiabilities" xlink:to="OtherCurrentNonfinancialLiabilities" xlink:title="Calculation: CurrentLiabilities to OtherCurrentNonfinancialLiabilities" order="8.0" weight="1"/><link:loc xlink:type="locator" xlink:href="https://xbrl.ifrs.org/taxonomy/2022-03-24/full_ifrs/full_ifrs-cor_2022-03-24.xsd#ifrs-full_NoncurrentLiabilities" xlink:label="NoncurrentLiabilities" xlink:title="NoncurrentLiabilities"/><link:loc xlink:type="locator" xlink:href="https://xbrl.ifrs.org/taxonomy/2022-03-24/full_ifrs/full_ifrs-cor_2022-03-24.xsd#ifrs-full_LongtermBorrowings" xlink:label="LongtermBorrowings" xlink:title="LongtermBorrowings"/><link:calculationArc xlink:type="arc" xlink:arcrole="http://www.xbrl.org/2003/arcrole/summation-item" xlink:from="NoncurrentLiabilities" xlink:to="LongtermBorrowings" xlink:title="Calculation: NoncurrentLiabilities to LongtermBorrowings" order="1.0" weight="1"/><link:loc xlink:type="locator" xlink:href="https://xbrl.ifrs.org/taxonomy/2022-03-24/full_ifrs/full_ifrs-cor_2022-03-24.xsd#ifrs-full_OtherNoncurrentFinancialLiabilities" xlink:label="OtherNoncurrentFinancialLiabilities" xlink:title="OtherNoncurrentFinancialLiabilities"/><link:calculationArc xlink:type="arc" xlink:arcrole="http://www.xbrl.org/2003/arcrole/summation-item" xlink:from="NoncurrentLiabilities" xlink:to="OtherNoncurrentFinancialLiabilities" xlink:title="Calculation: NoncurrentLiabilities to OtherNoncurrentFinancialLiabilities" order="2.0" weight="1"/><link:loc xlink:type="locator" xlink:href="https://xbrl.ifrs.org/taxonomy/2022-03-24/full_ifrs/full_ifrs-cor_2022-03-24.xsd#ifrs-full_NoncurrentProvisionsForEmployeeBenefits" xlink:label="NoncurrentProvisionsForEmployeeBenefits" xlink:title="NoncurrentProvisionsForEmployeeBenefits"/><link:calculationArc xlink:type="arc" xlink:arcrole="http://www.xbrl.org/2003/arcrole/summation-item" xlink:from="NoncurrentLiabilities" xlink:to="NoncurrentProvisionsForEmployeeBenefits" xlink:title="Calculation: NoncurrentLiabilities to NoncurrentProvisionsForEmployeeBenefits" order="3.0" weight="1"/><link:loc xlink:type="locator" xlink:href="https://xbrl.ifrs.org/taxonomy/2022-03-24/full_ifrs/full_ifrs-cor_2022-03-24.xsd#ifrs-full_OtherLongtermProvisions" xlink:label="OtherLongtermProvisions" xlink:title="OtherLongtermProvisions"/><link:calculationArc xlink:type="arc" xlink:arcrole="http://www.xbrl.org/2003/arcrole/summation-item" xlink:from="NoncurrentLiabilities" xlink:to="OtherLongtermProvisions" xlink:title="Calculation: NoncurrentLiabilities to OtherLongtermProvisions" order="4.0" weight="1"/><link:loc xlink:type="locator" xlink:href="https://xbrl.ifrs.org/taxonomy/2022-03-24/full_ifrs/full_ifrs-cor_2022-03-24.xsd#ifrs-full_NoncurrentContractLiabilities" xlink:label="NoncurrentContractLiabilities" xlink:title="NoncurrentContractLiabilities"/><link:calculationArc xlink:type="arc" xlink:arcrole="http://www.xbrl.org/2003/arcrole/summation-item" xlink:from="NoncurrentLiabilities" xlink:to="NoncurrentContractLiabilities" xlink:title="Calculation: NoncurrentLiabilities to NoncurrentContractLiabilities" order="5.0" weight="1"/><link:loc xlink:type="locator" xlink:href="https://xbrl.ifrs.org/taxonomy/2022-03-24/full_ifrs/full_ifrs-cor_2022-03-24.xsd#ifrs-full_DeferredTaxLiabilities" xlink:label="DeferredTaxLiabilities" xlink:title="DeferredTaxLiabilities"/><link:calculationArc xlink:type="arc" xlink:arcrole="http://www.xbrl.org/2003/arcrole/summation-item" xlink:from="NoncurrentLiabilities" xlink:to="DeferredTaxLiabilities" xlink:title="Calculation: NoncurrentLiabilities to DeferredTaxLiabilities" order="6.0" weight="1"/><link:loc xlink:type="locator" xlink:href="https://xbrl.ifrs.org/taxonomy/2022-03-24/full_ifrs/full_ifrs-cor_2022-03-24.xsd#ifrs-full_OtherNoncurrentNonfinancialLiabilities" xlink:label="OtherNoncurrentNonfinancialLiabilities" xlink:title="OtherNoncurrentNonfinancialLiabilities"/><link:calculationArc xlink:type="arc" xlink:arcrole="http://www.xbrl.org/2003/arcrole/summation-item" xlink:from="NoncurrentLiabilities" xlink:to="OtherNoncurrentNonfinancialLiabilities" xlink:title="Calculation: NoncurrentLiabilities to OtherNoncurrentNonfinancialLiabilities" order="7.0" weight="1"/><link:loc xlink:type="locator" xlink:href="https://xbrl.ifrs.org/taxonomy/2022-03-24/full_ifrs/full_ifrs-cor_2022-03-24.xsd#ifrs-full_Equity" xlink:label="Equity" xlink:title="Equity"/><link:loc xlink:type="locator" xlink:href="https://xbrl.ifrs.org/taxonomy/2022-03-24/full_ifrs/full_ifrs-cor_2022-03-24.xsd#ifrs-full_IssuedCapital" xlink:label="IssuedCapital" xlink:title="IssuedCapital"/><link:calculationArc xlink:type="arc" xlink:arcrole="http://www.xbrl.org/2003/arcrole/summation-item" xlink:from="Equity" xlink:to="IssuedCapital" xlink:title="Calculation: Equity to IssuedCapital" order="1.0" weight="1"/><link:loc xlink:type="locator" xlink:href="https://xbrl.ifrs.org/taxonomy/2022-03-24/full_ifrs/full_ifrs-cor_2022-03-24.xsd#ifrs-full_AdditionalPaidinCapital" xlink:label="AdditionalPaidinCapital" xlink:title="AdditionalPaidinCapital"/><link:calculationArc xlink:type="arc" xlink:arcrole="http://www.xbrl.org/2003/arcrole/summation-item" xlink:from="Equity" xlink:to="AdditionalPaidinCapital" xlink:title="Calculation: Equity to AdditionalPaidinCapital" order="2.0" weight="1"/><link:loc xlink:type="locator" xlink:href="391200T4AUN1BPBXAO14-2023-12-31.xsd#CAN_RetainedEarningsAndReserveOfRemeasurementsOfDefinedBenefitPlans" xlink:label="RetainedEarningsAndReserveOfRemeasurementsOfDefinedBenefitPlans" xlink:title="RetainedEarningsAndReserveOfRemeasurementsOfDefinedBenefitPlans"/><link:calculationArc xlink:type="arc" xlink:arcrole="http://www.xbrl.org/2003/arcrole/summation-item" xlink:from="Equity" xlink:to="RetainedEarningsAndReserveOfRemeasurementsOfDefinedBenefitPlans" xlink:title="Calculation: Equity to RetainedEarningsAndReserveOfRemeasurementsOfDefinedBenefitPlans" order="3.0" weight="1"/><link:loc xlink:type="locator" xlink:href="https://xbrl.ifrs.org/taxonomy/2022-03-24/full_ifrs/full_ifrs-cor_2022-03-24.xsd#ifrs-full_ReserveOfExchangeDifferencesOnTranslation" xlink:label="ReserveOfExchangeDifferencesOnTranslation" xlink:title="ReserveOfExchangeDifferencesOnTranslation"/><link:calculationArc xlink:type="arc" xlink:arcrole="http://www.xbrl.org/2003/arcrole/summation-item" xlink:from="Equity" xlink:to="ReserveOfExchangeDifferencesOnTranslation" xlink:title="Calculation: Equity to ReserveOfExchangeDifferencesOnTranslation" order="4.0" weight="1"/><link:loc xlink:type="locator" xlink:href="https://xbrl.ifrs.org/taxonomy/2022-03-24/full_ifrs/full_ifrs-cor_2022-03-24.xsd#ifrs-full_NoncontrollingInterests" xlink:label="NoncontrollingInterests" xlink:title="NoncontrollingInterests"/><link:calculationArc xlink:type="arc" xlink:arcrole="http://www.xbrl.org/2003/arcrole/summation-item" xlink:from="Equity" xlink:to="NoncontrollingInterests" xlink:title="Calculation: Equity to NoncontrollingInterests" order="5.0" weight="1"/><link:loc xlink:type="locator" xlink:href="https://xbrl.ifrs.org/taxonomy/2022-03-24/full_ifrs/full_ifrs-cor_2022-03-24.xsd#ifrs-full_EquityAndLiabilities" xlink:label="EquityAndLiabilities" xlink:title="EquityAndLiabilities"/><link:calculationArc xlink:type="arc" xlink:arcrole="http://www.xbrl.org/2003/arcrole/summation-item" xlink:from="EquityAndLiabilities" xlink:to="CurrentLiabilities" xlink:title="Calculation: EquityAndLiabilities to CurrentLiabilities" order="1.0" weight="1"/><link:calculationArc xlink:type="arc" xlink:arcrole="http://www.xbrl.org/2003/arcrole/summation-item" xlink:from="EquityAndLiabilities" xlink:to="NoncurrentLiabilities" xlink:title="Calculation: EquityAndLiabilities to NoncurrentLiabilities" order="2.0" weight="1"/><link:calculationArc xlink:type="arc" xlink:arcrole="http://www.xbrl.org/2003/arcrole/summation-item" xlink:from="EquityAndLiabilities" xlink:to="Equity" xlink:title="Calculation: EquityAndLiabilities to Equity" order="3.0" weight="1"/></link:calculationLink><link:calculationLink xlink:type="extended" xlink:role="http://cancom.com/role/IncomeStatement"><link:loc xlink:type="locator" xlink:href="https://xbrl.ifrs.org/taxonomy/2022-03-24/full_ifrs/full_ifrs-cor_2022-03-24.xsd#ifrs-full_RevenueAndOperatingIncome" xlink:label="RevenueAndOperatingIncome" xlink:title="RevenueAndOperatingIncome"/><link:loc xlink:type="locator" xlink:href="https://xbrl.ifrs.org/taxonomy/2022-03-24/full_ifrs/full_ifrs-cor_2022-03-24.xsd#ifrs-full_Revenue" xlink:label="Revenue" xlink:title="Revenue"/><link:calculationArc xlink:type="arc" xlink:arcrole="http://www.xbrl.org/2003/arcrole/summation-item" xlink:from="RevenueAndOperatingIncome" xlink:to="Revenue" xlink:title="Calculation: RevenueAndOperatingIncome to Revenue" order="1.0" weight="1"/><link:loc xlink:type="locator" xlink:href="https://xbrl.ifrs.org/taxonomy/2022-03-24/full_ifrs/full_ifrs-cor_2022-03-24.xsd#ifrs-full_OtherIncome" xlink:label="OtherIncome" xlink:title="OtherIncome"/><link:calculationArc xlink:type="arc" xlink:arcrole="http://www.xbrl.org/2003/arcrole/summation-item" xlink:from="RevenueAndOperatingIncome" xlink:to="OtherIncome" xlink:title="Calculation: RevenueAndOperatingIncome to OtherIncome" order="2.0" weight="1"/><link:loc xlink:type="locator" xlink:href="https://xbrl.ifrs.org/taxonomy/2022-03-24/full_ifrs/full_ifrs-cor_2022-03-24.xsd#ifrs-full_OtherWorkPerformedByEntityAndCapitalised" xlink:label="OtherWorkPerformedByEntityAndCapitalised" xlink:title="OtherWorkPerformedByEntityAndCapitalised"/><link:calculationArc xlink:type="arc" xlink:arcrole="http://www.xbrl.org/2003/arcrole/summation-item" xlink:from="RevenueAndOperatingIncome" xlink:to="OtherWorkPerformedByEntityAndCapitalised" xlink:title="Calculation: RevenueAndOperatingIncome to OtherWorkPerformedByEntityAndCapitalised" order="3.0" weight="1"/><link:loc xlink:type="locator" xlink:href="391200T4AUN1BPBXAO14-2023-12-31.xsd#CAN_CapitalisedCostsToObtainOrFulfilContractsWithCustomers" xlink:label="CapitalisedCostsToObtainOrFulfilContractsWithCustomers" xlink:title="CapitalisedCostsToObtainOrFulfilContractsWithCustomers"/><link:calculationArc xlink:type="arc" xlink:arcrole="http://www.xbrl.org/2003/arcrole/summation-item" xlink:from="RevenueAndOperatingIncome" xlink:to="CapitalisedCostsToObtainOrFulfilContractsWithCustomers" xlink:title="Calculation: RevenueAndOperatingIncome to CapitalisedCostsToObtainOrFulfilContractsWithCustomers" order="4.0" weight="1"/><link:loc xlink:type="locator" xlink:href="391200T4AUN1BPBXAO14-2023-12-31.xsd#CAN_ProfitLossFromOperatingActivitiesBeforeEmployeeBenefitsDepreciationAndAmortisationExpense" xlink:label="ProfitLossFromOperatingActivitiesBeforeEmployeeBenefitsDepreciationAndAmortisationExpense" xlink:title="ProfitLossFromOperatingActivitiesBeforeEmployeeBenefitsDepreciationAndAmortisationExpense"/><link:calculationArc xlink:type="arc" xlink:arcrole="http://www.xbrl.org/2003/arcrole/summation-item" xlink:from="ProfitLossFromOperatingActivitiesBeforeEmployeeBenefitsDepreciationAndAmortisationExpense" xlink:to="RevenueAndOperatingIncome" xlink:title="Calculation: ProfitLossFromOperatingActivitiesBeforeEmployeeBenefitsDepreciationAndAmortisationExpense to RevenueAndOperatingIncome" order="1.0" weight="1"/><link:loc xlink:type="locator" xlink:href="391200T4AUN1BPBXAO14-2023-12-31.xsd#CAN_RawMaterialsAndConsumablesUsedAndServicesExpense" xlink:label="RawMaterialsAndConsumablesUsedAndServicesExpense" xlink:title="RawMaterialsAndConsumablesUsedAndServicesExpense"/><link:calculationArc xlink:type="arc" xlink:arcrole="http://www.xbrl.org/2003/arcrole/summation-item" xlink:from="ProfitLossFromOperatingActivitiesBeforeEmployeeBenefitsDepreciationAndAmortisationExpense" xlink:to="RawMaterialsAndConsumablesUsedAndServicesExpense" xlink:title="Calculation: ProfitLossFromOperatingActivitiesBeforeEmployeeBenefitsDepreciationAndAmortisationExpense to RawMaterialsAndConsumablesUsedAndServicesExpense" order="2.0" weight="-1"/><link:loc xlink:type="locator" xlink:href="https://xbrl.ifrs.org/taxonomy/2022-03-24/full_ifrs/full_ifrs-cor_2022-03-24.xsd#ifrs-full_ProfitLossFromOperatingActivities" xlink:label="ProfitLossFromOperatingActivities" xlink:title="ProfitLossFromOperatingActivities"/><link:calculationArc xlink:type="arc" xlink:arcrole="http://www.xbrl.org/2003/arcrole/summation-item" xlink:from="ProfitLossFromOperatingActivities" xlink:to="ProfitLossFromOperatingActivitiesBeforeEmployeeBenefitsDepreciationAndAmortisationExpense" xlink:title="Calculation: ProfitLossFromOperatingActivities to ProfitLossFromOperatingActivitiesBeforeEmployeeBenefitsDepreciationAndAmortisationExpense" order="1.0" weight="1"/><link:loc xlink:type="locator" xlink:href="https://xbrl.ifrs.org/taxonomy/2022-03-24/full_ifrs/full_ifrs-cor_2022-03-24.xsd#ifrs-full_EmployeeBenefitsExpense" xlink:label="EmployeeBenefitsExpense" xlink:title="EmployeeBenefitsExpense"/><link:calculationArc xlink:type="arc" xlink:arcrole="http://www.xbrl.org/2003/arcrole/summation-item" xlink:from="ProfitLossFromOperatingActivities" xlink:to="EmployeeBenefitsExpense" xlink:title="Calculation: ProfitLossFromOperatingActivities to EmployeeBenefitsExpense" order="2.0" weight="-1"/><link:loc xlink:type="locator" xlink:href="391200T4AUN1BPBXAO14-2023-12-31.xsd#CAN_DepreciationAmortisationAndImpairmentLossReversalOfImpairmentLossRecognisedInProfitOrLossIntangibleAssetsPropertyPlantAndEquipmentAndRightOfUseAssets" xlink:label="DepreciationAmortisationAndImpairmentLossReversalOfImpairmentLossRecognisedInProfitOrLossIntangibleAssetsPropertyPlantAndEquipmentAndRightOfUseAssets" xlink:title="DepreciationAmortisationAndImpairmentLossReversalOfImpairmentLossRecognisedInProfitOrLossIntangibleAssetsPropertyPlantAndEquipmentAndRightOfUseAssets"/><link:calculationArc xlink:type="arc" xlink:arcrole="http://www.xbrl.org/2003/arcrole/summation-item" xlink:from="ProfitLossFromOperatingActivities" xlink:to="DepreciationAmortisationAndImpairmentLossReversalOfImpairmentLossRecognisedInProfitOrLossIntangibleAssetsPropertyPlantAndEquipmentAndRightOfUseAssets" xlink:title="Calculation: ProfitLossFromOperatingActivities to DepreciationAmortisationAndImpairmentLossReversalOfImpairmentLossRecognisedInProfitOrLossIntangibleAssetsPropertyPlantAndEquipmentAndRightOfUseAssets" order="3.0" weight="-1"/><link:loc xlink:type="locator" xlink:href="391200T4AUN1BPBXAO14-2023-12-31.xsd#CAN_ImpairmentLossReversalOfImpairmentLossRecognisedInProfitOrLossFinancialAssets" xlink:label="ImpairmentLossReversalOfImpairmentLossRecognisedInProfitOrLossFinancialAssets" xlink:title="ImpairmentLossReversalOfImpairmentLossRecognisedInProfitOrLossFinancialAssets"/><link:calculationArc xlink:type="arc" xlink:arcrole="http://www.xbrl.org/2003/arcrole/summation-item" xlink:from="ProfitLossFromOperatingActivities" xlink:to="ImpairmentLossReversalOfImpairmentLossRecognisedInProfitOrLossFinancialAssets" xlink:title="Calculation: ProfitLossFromOperatingActivities to ImpairmentLossReversalOfImpairmentLossRecognisedInProfitOrLossFinancialAssets" order="4.0" weight="-1"/><link:loc xlink:type="locator" xlink:href="https://xbrl.ifrs.org/taxonomy/2022-03-24/full_ifrs/full_ifrs-cor_2022-03-24.xsd#ifrs-full_OtherExpenseByNature" xlink:label="OtherExpenseByNature" xlink:title="OtherExpenseByNature"/><link:calculationArc xlink:type="arc" xlink:arcrole="http://www.xbrl.org/2003/arcrole/summation-item" xlink:from="ProfitLossFromOperatingActivities" xlink:to="OtherExpenseByNature" xlink:title="Calculation: ProfitLossFromOperatingActivities to OtherExpenseByNature" order="5.0" weight="-1"/><link:loc xlink:type="locator" xlink:href="https://xbrl.ifrs.org/taxonomy/2022-03-24/full_ifrs/full_ifrs-cor_2022-03-24.xsd#ifrs-full_ProfitLossBeforeTax" xlink:label="ProfitLossBeforeTax" xlink:title="ProfitLossBeforeTax"/><link:calculationArc xlink:type="arc" xlink:arcrole="http://www.xbrl.org/2003/arcrole/summation-item" xlink:from="ProfitLossBeforeTax" xlink:to="ProfitLossFromOperatingActivities" xlink:title="Calculation: ProfitLossBeforeTax to ProfitLossFromOperatingActivities" order="1.0" weight="1"/><link:loc xlink:type="locator" xlink:href="https://xbrl.ifrs.org/taxonomy/2022-03-24/full_ifrs/full_ifrs-cor_2022-03-24.xsd#ifrs-full_RevenueFromInterest" xlink:label="RevenueFromInterest" xlink:title="RevenueFromInterest"/><link:calculationArc xlink:type="arc" xlink:arcrole="http://www.xbrl.org/2003/arcrole/summation-item" xlink:from="ProfitLossBeforeTax" xlink:to="RevenueFromInterest" xlink:title="Calculation: ProfitLossBeforeTax to RevenueFromInterest" order="2.0" weight="1"/><link:loc xlink:type="locator" xlink:href="https://xbrl.ifrs.org/taxonomy/2022-03-24/full_ifrs/full_ifrs-cor_2022-03-24.xsd#ifrs-full_InterestExpense" xlink:label="InterestExpense" xlink:title="InterestExpense"/><link:calculationArc xlink:type="arc" xlink:arcrole="http://www.xbrl.org/2003/arcrole/summation-item" xlink:from="ProfitLossBeforeTax" xlink:to="InterestExpense" xlink:title="Calculation: ProfitLossBeforeTax to InterestExpense" order="3.0" weight="-1"/><link:loc xlink:type="locator" xlink:href="https://xbrl.ifrs.org/taxonomy/2022-03-24/full_ifrs/full_ifrs-cor_2022-03-24.xsd#ifrs-full_OtherFinanceIncome" xlink:label="OtherFinanceIncome" xlink:title="OtherFinanceIncome"/><link:calculationArc xlink:type="arc" xlink:arcrole="http://www.xbrl.org/2003/arcrole/summation-item" xlink:from="ProfitLossBeforeTax" xlink:to="OtherFinanceIncome" xlink:title="Calculation: ProfitLossBeforeTax to OtherFinanceIncome" order="4.0" weight="1"/><link:loc xlink:type="locator" xlink:href="https://xbrl.ifrs.org/taxonomy/2022-03-24/full_ifrs/full_ifrs-cor_2022-03-24.xsd#ifrs-full_OtherFinanceCost" xlink:label="OtherFinanceCost" xlink:title="OtherFinanceCost"/><link:calculationArc xlink:type="arc" xlink:arcrole="http://www.xbrl.org/2003/arcrole/summation-item" xlink:from="ProfitLossBeforeTax" xlink:to="OtherFinanceCost" xlink:title="Calculation: ProfitLossBeforeTax to OtherFinanceCost" order="5.0" weight="-1"/><link:loc xlink:type="locator" xlink:href="https://xbrl.ifrs.org/taxonomy/2022-03-24/full_ifrs/full_ifrs-cor_2022-03-24.xsd#ifrs-full_ShareOfProfitLossOfAssociatesAndJointVenturesAccountedForUsingEquityMethod" xlink:label="ShareOfProfitLossOfAssociatesAndJointVenturesAccountedForUsingEquityMethod" xlink:title="ShareOfProfitLossOfAssociatesAndJointVenturesAccountedForUsingEquityMethod"/><link:calculationArc xlink:type="arc" xlink:arcrole="http://www.xbrl.org/2003/arcrole/summation-item" xlink:from="ProfitLossBeforeTax" xlink:to="ShareOfProfitLossOfAssociatesAndJointVenturesAccountedForUsingEquityMethod" xlink:title="Calculation: ProfitLossBeforeTax to ShareOfProfitLossOfAssociatesAndJointVenturesAccountedForUsingEquityMethod" order="6.0" weight="1"/><link:loc xlink:type="locator" xlink:href="https://xbrl.ifrs.org/taxonomy/2022-03-24/full_ifrs/full_ifrs-cor_2022-03-24.xsd#ifrs-full_GainsLossesOnExchangeDifferencesOnTranslationRecognisedInProfitOrLoss" xlink:label="GainsLossesOnExchangeDifferencesOnTranslationRecognisedInProfitOrLoss" xlink:title="GainsLossesOnExchangeDifferencesOnTranslationRecognisedInProfitOrLoss"/><link:calculationArc xlink:type="arc" xlink:arcrole="http://www.xbrl.org/2003/arcrole/summation-item" xlink:from="ProfitLossBeforeTax" xlink:to="GainsLossesOnExchangeDifferencesOnTranslationRecognisedInProfitOrLoss" xlink:title="Calculation: ProfitLossBeforeTax to GainsLossesOnExchangeDifferencesOnTranslationRecognisedInProfitOrLoss" order="7.0" weight="1"/><link:loc xlink:type="locator" xlink:href="https://xbrl.ifrs.org/taxonomy/2022-03-24/full_ifrs/full_ifrs-cor_2022-03-24.xsd#ifrs-full_ProfitLossFromContinuingOperations" xlink:label="ProfitLossFromContinuingOperations" xlink:title="ProfitLossFromContinuingOperations"/><link:calculationArc xlink:type="arc" xlink:arcrole="http://www.xbrl.org/2003/arcrole/summation-item" xlink:from="ProfitLossFromContinuingOperations" xlink:to="ProfitLossBeforeTax" xlink:title="Calculation: ProfitLossFromContinuingOperations to ProfitLossBeforeTax" order="1.0" weight="1"/><link:loc xlink:type="locator" xlink:href="https://xbrl.ifrs.org/taxonomy/2022-03-24/full_ifrs/full_ifrs-cor_2022-03-24.xsd#ifrs-full_IncomeTaxExpenseContinuingOperations" xlink:label="IncomeTaxExpenseContinuingOperations" xlink:title="IncomeTaxExpenseContinuingOperations"/><link:calculationArc xlink:type="arc" xlink:arcrole="http://www.xbrl.org/2003/arcrole/summation-item" xlink:from="ProfitLossFromContinuingOperations" xlink:to="IncomeTaxExpenseContinuingOperations" xlink:title="Calculation: ProfitLossFromContinuingOperations to IncomeTaxExpenseContinuingOperations" order="2.0" weight="-1"/><link:loc xlink:type="locator" xlink:href="https://xbrl.ifrs.org/taxonomy/2022-03-24/full_ifrs/full_ifrs-cor_2022-03-24.xsd#ifrs-full_ProfitLoss" xlink:label="ProfitLoss" xlink:title="ProfitLoss"/><link:calculationArc xlink:type="arc" xlink:arcrole="http://www.xbrl.org/2003/arcrole/summation-item" xlink:from="ProfitLoss" xlink:to="ProfitLossFromContinuingOperations" xlink:title="Calculation: ProfitLoss to ProfitLossFromContinuingOperations" order="1.0" weight="1"/><link:loc xlink:type="locator" xlink:href="https://xbrl.ifrs.org/taxonomy/2022-03-24/full_ifrs/full_ifrs-cor_2022-03-24.xsd#ifrs-full_ProfitLossFromDiscontinuedOperations" xlink:label="ProfitLossFromDiscontinuedOperations" xlink:title="ProfitLossFromDiscontinuedOperations"/><link:calculationArc xlink:type="arc" xlink:arcrole="http://www.xbrl.org/2003/arcrole/summation-item" xlink:from="ProfitLoss" xlink:to="ProfitLossFromDiscontinuedOperations" xlink:title="Calculation: ProfitLoss to ProfitLossFromDiscontinuedOperations" order="2.0" weight="1"/></link:calculationLink><link:calculationLink xlink:type="extended" xlink:role="http://cancom.com/role/StatementOfComprehensiveIncome"><link:loc xlink:type="locator" xlink:href="https://xbrl.ifrs.org/taxonomy/2022-03-24/full_ifrs/full_ifrs-cor_2022-03-24.xsd#ifrs-full_OtherComprehensiveIncome" xlink:label="OtherComprehensiveIncome" xlink:title="OtherComprehensiveIncome"/><link:loc xlink:type="locator" xlink:href="https://xbrl.ifrs.org/taxonomy/2022-03-24/full_ifrs/full_ifrs-cor_2022-03-24.xsd#ifrs-full_OtherComprehensiveIncomeBeforeTaxExchangeDifferencesOnTranslation" xlink:label="OtherComprehensiveIncomeBeforeTaxExchangeDifferencesOnTranslation" xlink:title="OtherComprehensiveIncomeBeforeTaxExchangeDifferencesOnTranslation"/><link:calculationArc xlink:type="arc" xlink:arcrole="http://www.xbrl.org/2003/arcrole/summation-item" xlink:from="OtherComprehensiveIncome" xlink:to="OtherComprehensiveIncomeBeforeTaxExchangeDifferencesOnTranslation" xlink:title="Calculation: OtherComprehensiveIncome to OtherComprehensiveIncomeBeforeTaxExchangeDifferencesOnTranslation" order="1.0" weight="1"/><link:loc xlink:type="locator" xlink:href="https://xbrl.ifrs.org/taxonomy/2022-03-24/full_ifrs/full_ifrs-cor_2022-03-24.xsd#ifrs-full_OtherComprehensiveIncomeBeforeTaxFinancialAssetsMeasuredAtFairValueThroughOtherComprehensiveIncome" xlink:label="OtherComprehensiveIncomeBeforeTaxFinancialAssetsMeasuredAtFairValueThroughOtherComprehensiveIncome" xlink:title="OtherComprehensiveIncomeBeforeTaxFinancialAssetsMeasuredAtFairValueThroughOtherComprehensiveIncome"/><link:calculationArc xlink:type="arc" xlink:arcrole="http://www.xbrl.org/2003/arcrole/summation-item" xlink:from="OtherComprehensiveIncome" xlink:to="OtherComprehensiveIncomeBeforeTaxFinancialAssetsMeasuredAtFairValueThroughOtherComprehensiveIncome" xlink:title="Calculation: OtherComprehensiveIncome to OtherComprehensiveIncomeBeforeTaxFinancialAssetsMeasuredAtFairValueThroughOtherComprehensiveIncome" order="2.0" weight="1"/><link:loc xlink:type="locator" xlink:href="https://xbrl.ifrs.org/taxonomy/2022-03-24/full_ifrs/full_ifrs-cor_2022-03-24.xsd#ifrs-full_IncomeTaxRelatingToComponentsOfOtherComprehensiveIncomeThatWillBeReclassifiedToProfitOrLoss" xlink:label="IncomeTaxRelatingToComponentsOfOtherComprehensiveIncomeThatWillBeReclassifiedToProfitOrLoss" xlink:title="IncomeTaxRelatingToComponentsOfOtherComprehensiveIncomeThatWillBeReclassifiedToProfitOrLoss"/><link:calculationArc xlink:type="arc" xlink:arcrole="http://www.xbrl.org/2003/arcrole/summation-item" xlink:from="OtherComprehensiveIncome" xlink:to="IncomeTaxRelatingToComponentsOfOtherComprehensiveIncomeThatWillBeReclassifiedToProfitOrLoss" xlink:title="Calculation: OtherComprehensiveIncome to IncomeTaxRelatingToComponentsOfOtherComprehensiveIncomeThatWillBeReclassifiedToProfitOrLoss" order="3.0" weight="-1"/><link:loc xlink:type="locator" xlink:href="https://xbrl.ifrs.org/taxonomy/2022-03-24/full_ifrs/full_ifrs-cor_2022-03-24.xsd#ifrs-full_OtherComprehensiveIncomeBeforeTaxGainsLossesOnRemeasurementsOfDefinedBenefitPlans" xlink:label="OtherComprehensiveIncomeBeforeTaxGainsLossesOnRemeasurementsOfDefinedBenefitPlans" xlink:title="OtherComprehensiveIncomeBeforeTaxGainsLossesOnRemeasurementsOfDefinedBenefitPlans"/><link:calculationArc xlink:type="arc" xlink:arcrole="http://www.xbrl.org/2003/arcrole/summation-item" xlink:from="OtherComprehensiveIncome" xlink:to="OtherComprehensiveIncomeBeforeTaxGainsLossesOnRemeasurementsOfDefinedBenefitPlans" xlink:title="Calculation: OtherComprehensiveIncome to OtherComprehensiveIncomeBeforeTaxGainsLossesOnRemeasurementsOfDefinedBenefitPlans" order="4.0" weight="1"/><link:loc xlink:type="locator" xlink:href="https://xbrl.ifrs.org/taxonomy/2022-03-24/full_ifrs/full_ifrs-cor_2022-03-24.xsd#ifrs-full_IncomeTaxRelatingToComponentsOfOtherComprehensiveIncomeThatWillNotBeReclassifiedToProfitOrLoss" xlink:label="IncomeTaxRelatingToComponentsOfOtherComprehensiveIncomeThatWillNotBeReclassifiedToProfitOrLoss" xlink:title="IncomeTaxRelatingToComponentsOfOtherComprehensiveIncomeThatWillNotBeReclassifiedToProfitOrLoss"/><link:calculationArc xlink:type="arc" xlink:arcrole="http://www.xbrl.org/2003/arcrole/summation-item" xlink:from="OtherComprehensiveIncome" xlink:to="IncomeTaxRelatingToComponentsOfOtherComprehensiveIncomeThatWillNotBeReclassifiedToProfitOrLoss" xlink:title="Calculation: OtherComprehensiveIncome to IncomeTaxRelatingToComponentsOfOtherComprehensiveIncomeThatWillNotBeReclassifiedToProfitOrLoss" order="5.0" weight="-1"/><link:loc xlink:type="locator" xlink:href="https://xbrl.ifrs.org/taxonomy/2022-03-24/full_ifrs/full_ifrs-cor_2022-03-24.xsd#ifrs-full_ComprehensiveIncome" xlink:label="ComprehensiveIncome" xlink:title="ComprehensiveIncome"/><link:loc xlink:type="locator" xlink:href="https://xbrl.ifrs.org/taxonomy/2022-03-24/full_ifrs/full_ifrs-cor_2022-03-24.xsd#ifrs-full_ProfitLoss" xlink:label="ProfitLoss" xlink:title="ProfitLoss"/><link:calculationArc xlink:type="arc" xlink:arcrole="http://www.xbrl.org/2003/arcrole/summation-item" xlink:from="ComprehensiveIncome" xlink:to="ProfitLoss" xlink:title="Calculation: ComprehensiveIncome to ProfitLoss" order="1.0" weight="1"/><link:calculationArc xlink:type="arc" xlink:arcrole="http://www.xbrl.org/2003/arcrole/summation-item" xlink:from="ComprehensiveIncome" xlink:to="OtherComprehensiveIncome" xlink:title="Calculation: ComprehensiveIncome to OtherComprehensiveIncome" order="2.0" weight="1"/></link:calculationLink><link:calculationLink xlink:type="extended" xlink:role="http://cancom.com/role/CashFlowStatement"><link:loc xlink:type="locator" xlink:href="https://xbrl.ifrs.org/taxonomy/2022-03-24/full_ifrs/full_ifrs-cor_2022-03-24.xsd#ifrs-full_CashFlowsFromUsedInOperatingActivities" xlink:label="CashFlowsFromUsedInOperatingActivities" xlink:title="CashFlowsFromUsedInOperatingActivities"/><link:loc xlink:type="locator" xlink:href="https://xbrl.ifrs.org/taxonomy/2022-03-24/full_ifrs/full_ifrs-cor_2022-03-24.xsd#ifrs-full_ProfitLoss" xlink:label="ProfitLoss" xlink:title="ProfitLoss"/><link:calculationArc xlink:type="arc" xlink:arcrole="http://www.xbrl.org/2003/arcrole/summation-item" xlink:from="CashFlowsFromUsedInOperatingActivities" xlink:to="ProfitLoss" xlink:title="Calculation: CashFlowsFromUsedInOperatingActivities to ProfitLoss" order="1.0" weight="1"/><link:loc xlink:type="locator" xlink:href="391200T4AUN1BPBXAO14-2023-12-31.xsd#CAN_AdjustmentsForDepreciationAndAmortisationExpenseAndImpairmentLossReversalOfImpairmentLossRecognisedInProfitOrLossIntangibleAssetsPropertyPlantAndEquipmentAndRightOfUseAssets" xlink:label="AdjustmentsForDepreciationAndAmortisationExpenseAndImpairmentLossReversalOfImpairmentLossRecognisedInProfitOrLossIntangibleAssetsPropertyPlantAndEquipmentAndRightOfUseAssets" xlink:title="AdjustmentsForDepreciationAndAmortisationExpenseAndImpairmentLossReversalOfImpairmentLossRecognisedInProfitOrLossIntangibleAssetsPropertyPlantAndEquipmentAndRightOfUseAssets"/><link:calculationArc xlink:type="arc" xlink:arcrole="http://www.xbrl.org/2003/arcrole/summation-item" xlink:from="CashFlowsFromUsedInOperatingActivities" xlink:to="AdjustmentsForDepreciationAndAmortisationExpenseAndImpairmentLossReversalOfImpairmentLossRecognisedInProfitOrLossIntangibleAssetsPropertyPlantAndEquipmentAndRightOfUseAssets" xlink:title="Calculation: CashFlowsFromUsedInOperatingActivities to AdjustmentsForDepreciationAndAmortisationExpenseAndImpairmentLossReversalOfImpairmentLossRecognisedInProfitOrLossIntangibleAssetsPropertyPlantAndEquipmentAndRightOfUseAssets" order="2.0" weight="1"/><link:loc xlink:type="locator" xlink:href="https://xbrl.ifrs.org/taxonomy/2022-03-24/full_ifrs/full_ifrs-cor_2022-03-24.xsd#ifrs-full_AdjustmentsForFinanceIncomeCost" xlink:label="AdjustmentsForFinanceIncomeCost" xlink:title="AdjustmentsForFinanceIncomeCost"/><link:calculationArc xlink:type="arc" xlink:arcrole="http://www.xbrl.org/2003/arcrole/summation-item" xlink:from="CashFlowsFromUsedInOperatingActivities" xlink:to="AdjustmentsForFinanceIncomeCost" xlink:title="Calculation: CashFlowsFromUsedInOperatingActivities to AdjustmentsForFinanceIncomeCost" order="3.0" weight="-1"/><link:loc xlink:type="locator" xlink:href="https://xbrl.ifrs.org/taxonomy/2022-03-24/full_ifrs/full_ifrs-cor_2022-03-24.xsd#ifrs-full_AdjustmentsForIncomeTaxExpense" xlink:label="AdjustmentsForIncomeTaxExpense" xlink:title="AdjustmentsForIncomeTaxExpense"/><link:calculationArc xlink:type="arc" xlink:arcrole="http://www.xbrl.org/2003/arcrole/summation-item" xlink:from="CashFlowsFromUsedInOperatingActivities" xlink:to="AdjustmentsForIncomeTaxExpense" xlink:title="Calculation: CashFlowsFromUsedInOperatingActivities to AdjustmentsForIncomeTaxExpense" order="4.0" weight="1"/><link:loc xlink:type="locator" xlink:href="391200T4AUN1BPBXAO14-2023-12-31.xsd#CAN_AdjustmentsForProvisionsNonCurrent" xlink:label="AdjustmentsForProvisionsNonCurrent" xlink:title="AdjustmentsForProvisionsNonCurrent"/><link:calculationArc xlink:type="arc" xlink:arcrole="http://www.xbrl.org/2003/arcrole/summation-item" xlink:from="CashFlowsFromUsedInOperatingActivities" xlink:to="AdjustmentsForProvisionsNonCurrent" xlink:title="Calculation: CashFlowsFromUsedInOperatingActivities to AdjustmentsForProvisionsNonCurrent" order="5.0" weight="1"/><link:loc xlink:type="locator" xlink:href="391200T4AUN1BPBXAO14-2023-12-31.xsd#CAN_AdjustmentsForProvisionsCurrent" xlink:label="AdjustmentsForProvisionsCurrent" xlink:title="AdjustmentsForProvisionsCurrent"/><link:calculationArc xlink:type="arc" xlink:arcrole="http://www.xbrl.org/2003/arcrole/summation-item" xlink:from="CashFlowsFromUsedInOperatingActivities" xlink:to="AdjustmentsForProvisionsCurrent" xlink:title="Calculation: CashFlowsFromUsedInOperatingActivities to AdjustmentsForProvisionsCurrent" order="6.0" weight="1"/><link:loc xlink:type="locator" xlink:href="https://xbrl.ifrs.org/taxonomy/2022-03-24/full_ifrs/full_ifrs-cor_2022-03-24.xsd#ifrs-full_AdjustmentsForLossesGainsOnDisposalOfNoncurrentAssets" xlink:label="AdjustmentsForLossesGainsOnDisposalOfNoncurrentAssets" xlink:title="AdjustmentsForLossesGainsOnDisposalOfNoncurrentAssets"/><link:calculationArc xlink:type="arc" xlink:arcrole="http://www.xbrl.org/2003/arcrole/summation-item" xlink:from="CashFlowsFromUsedInOperatingActivities" xlink:to="AdjustmentsForLossesGainsOnDisposalOfNoncurrentAssets" xlink:title="Calculation: CashFlowsFromUsedInOperatingActivities to AdjustmentsForLossesGainsOnDisposalOfNoncurrentAssets" order="7.0" weight="1"/><link:loc xlink:type="locator" xlink:href="https://xbrl.ifrs.org/taxonomy/2022-03-24/full_ifrs/full_ifrs-cor_2022-03-24.xsd#ifrs-full_AdjustmentsForDecreaseIncreaseInInventories" xlink:label="AdjustmentsForDecreaseIncreaseInInventories" xlink:title="AdjustmentsForDecreaseIncreaseInInventories"/><link:calculationArc xlink:type="arc" xlink:arcrole="http://www.xbrl.org/2003/arcrole/summation-item" xlink:from="CashFlowsFromUsedInOperatingActivities" xlink:to="AdjustmentsForDecreaseIncreaseInInventories" xlink:title="Calculation: CashFlowsFromUsedInOperatingActivities to AdjustmentsForDecreaseIncreaseInInventories" order="8.0" weight="1"/><link:loc xlink:type="locator" xlink:href="391200T4AUN1BPBXAO14-2023-12-31.xsd#CAN_AdjustmentsForDecreaseIncreaseInTradeAndOtherReceivablesAndAdjustmentsForDecreaseIncreaseInOtherAssets" xlink:label="AdjustmentsForDecreaseIncreaseInTradeAndOtherReceivablesAndAdjustmentsForDecreaseIncreaseInOtherAssets" xlink:title="AdjustmentsForDecreaseIncreaseInTradeAndOtherReceivablesAndAdjustmentsForDecreaseIncreaseInOtherAssets"/><link:calculationArc xlink:type="arc" xlink:arcrole="http://www.xbrl.org/2003/arcrole/summation-item" xlink:from="CashFlowsFromUsedInOperatingActivities" xlink:to="AdjustmentsForDecreaseIncreaseInTradeAndOtherReceivablesAndAdjustmentsForDecreaseIncreaseInOtherAssets" xlink:title="Calculation: CashFlowsFromUsedInOperatingActivities to AdjustmentsForDecreaseIncreaseInTradeAndOtherReceivablesAndAdjustmentsForDecreaseIncreaseInOtherAssets" order="9.0" weight="1"/><link:loc xlink:type="locator" xlink:href="391200T4AUN1BPBXAO14-2023-12-31.xsd#CAN_AdjustmentsForIncreaseDecreaseInTradeAndOtherPayablesAndAdjustmentsForIncreaseDecreaseInOtherLiabilities" xlink:label="AdjustmentsForIncreaseDecreaseInTradeAndOtherPayablesAndAdjustmentsForIncreaseDecreaseInOtherLiabilities" xlink:title="AdjustmentsForIncreaseDecreaseInTradeAndOtherPayablesAndAdjustmentsForIncreaseDecreaseInOtherLiabilities"/><link:calculationArc xlink:type="arc" xlink:arcrole="http://www.xbrl.org/2003/arcrole/summation-item" xlink:from="CashFlowsFromUsedInOperatingActivities" xlink:to="AdjustmentsForIncreaseDecreaseInTradeAndOtherPayablesAndAdjustmentsForIncreaseDecreaseInOtherLiabilities" xlink:title="Calculation: CashFlowsFromUsedInOperatingActivities to AdjustmentsForIncreaseDecreaseInTradeAndOtherPayablesAndAdjustmentsForIncreaseDecreaseInOtherLiabilities" order="10.0" weight="1"/><link:loc xlink:type="locator" xlink:href="https://xbrl.ifrs.org/taxonomy/2022-03-24/full_ifrs/full_ifrs-cor_2022-03-24.xsd#ifrs-full_InterestPaidClassifiedAsOperatingActivities" xlink:label="InterestPaidClassifiedAsOperatingActivities" xlink:title="InterestPaidClassifiedAsOperatingActivities"/><link:calculationArc xlink:type="arc" xlink:arcrole="http://www.xbrl.org/2003/arcrole/summation-item" xlink:from="CashFlowsFromUsedInOperatingActivities" xlink:to="InterestPaidClassifiedAsOperatingActivities" xlink:title="Calculation: CashFlowsFromUsedInOperatingActivities to InterestPaidClassifiedAsOperatingActivities" order="11.0" weight="-1"/><link:loc xlink:type="locator" xlink:href="https://xbrl.ifrs.org/taxonomy/2022-03-24/full_ifrs/full_ifrs-cor_2022-03-24.xsd#ifrs-full_IncomeTaxesPaidRefundClassifiedAsOperatingActivities" xlink:label="IncomeTaxesPaidRefundClassifiedAsOperatingActivities" xlink:title="IncomeTaxesPaidRefundClassifiedAsOperatingActivities"/><link:calculationArc xlink:type="arc" xlink:arcrole="http://www.xbrl.org/2003/arcrole/summation-item" xlink:from="CashFlowsFromUsedInOperatingActivities" xlink:to="IncomeTaxesPaidRefundClassifiedAsOperatingActivities" xlink:title="Calculation: CashFlowsFromUsedInOperatingActivities to IncomeTaxesPaidRefundClassifiedAsOperatingActivities" order="12.0" weight="-1"/><link:loc xlink:type="locator" xlink:href="https://xbrl.ifrs.org/taxonomy/2022-03-24/full_ifrs/full_ifrs-cor_2022-03-24.xsd#ifrs-full_OtherAdjustmentsForNoncashItems" xlink:label="OtherAdjustmentsForNoncashItems" xlink:title="OtherAdjustmentsForNoncashItems"/><link:calculationArc xlink:type="arc" xlink:arcrole="http://www.xbrl.org/2003/arcrole/summation-item" xlink:from="CashFlowsFromUsedInOperatingActivities" xlink:to="OtherAdjustmentsForNoncashItems" xlink:title="Calculation: CashFlowsFromUsedInOperatingActivities to OtherAdjustmentsForNoncashItems" order="13.0" weight="1"/><link:loc xlink:type="locator" xlink:href="https://xbrl.ifrs.org/taxonomy/2022-03-24/full_ifrs/full_ifrs-cor_2022-03-24.xsd#ifrs-full_AdjustmentsForSharebasedPayments" xlink:label="AdjustmentsForSharebasedPayments" xlink:title="AdjustmentsForSharebasedPayments"/><link:calculationArc xlink:type="arc" xlink:arcrole="http://www.xbrl.org/2003/arcrole/summation-item" xlink:from="CashFlowsFromUsedInOperatingActivities" xlink:to="AdjustmentsForSharebasedPayments" xlink:title="Calculation: CashFlowsFromUsedInOperatingActivities to AdjustmentsForSharebasedPayments" order="14.0" weight="1"/><link:loc xlink:type="locator" xlink:href="391200T4AUN1BPBXAO14-2023-12-31.xsd#CAN_AdjustmentsForLossesGainsOnDisposalOfDiscontinuedOperations" xlink:label="AdjustmentsForLossesGainsOnDisposalOfDiscontinuedOperations" xlink:title="AdjustmentsForLossesGainsOnDisposalOfDiscontinuedOperations"/><link:calculationArc xlink:type="arc" xlink:arcrole="http://www.xbrl.org/2003/arcrole/summation-item" xlink:from="CashFlowsFromUsedInOperatingActivities" xlink:to="AdjustmentsForLossesGainsOnDisposalOfDiscontinuedOperations" xlink:title="Calculation: CashFlowsFromUsedInOperatingActivities to AdjustmentsForLossesGainsOnDisposalOfDiscontinuedOperations" order="15.0" weight="1"/><link:loc xlink:type="locator" xlink:href="https://xbrl.ifrs.org/taxonomy/2022-03-24/full_ifrs/full_ifrs-cor_2022-03-24.xsd#ifrs-full_CashFlowsFromUsedInInvestingActivities" xlink:label="CashFlowsFromUsedInInvestingActivities" xlink:title="CashFlowsFromUsedInInvestingActivities"/><link:loc xlink:type="locator" xlink:href="https://xbrl.ifrs.org/taxonomy/2022-03-24/full_ifrs/full_ifrs-cor_2022-03-24.xsd#ifrs-full_CashFlowsUsedInObtainingControlOfSubsidiariesOrOtherBusinessesClassifiedAsInvestingActivities" xlink:label="CashFlowsUsedInObtainingControlOfSubsidiariesOrOtherBusinessesClassifiedAsInvestingActivities" xlink:title="CashFlowsUsedInObtainingControlOfSubsidiariesOrOtherBusinessesClassifiedAsInvestingActivities"/><link:calculationArc xlink:type="arc" xlink:arcrole="http://www.xbrl.org/2003/arcrole/summation-item" xlink:from="CashFlowsFromUsedInInvestingActivities" xlink:to="CashFlowsUsedInObtainingControlOfSubsidiariesOrOtherBusinessesClassifiedAsInvestingActivities" xlink:title="Calculation: CashFlowsFromUsedInInvestingActivities to CashFlowsUsedInObtainingControlOfSubsidiariesOrOtherBusinessesClassifiedAsInvestingActivities" order="1.0" weight="-1"/><link:loc xlink:type="locator" xlink:href="391200T4AUN1BPBXAO14-2023-12-31.xsd#CAN_ProceedsFromCashAndCashEquivalentsInSubsidiaryOrBusinessesAcquired" xlink:label="ProceedsFromCashAndCashEquivalentsInSubsidiaryOrBusinessesAcquired" xlink:title="ProceedsFromCashAndCashEquivalentsInSubsidiaryOrBusinessesAcquired"/><link:calculationArc xlink:type="arc" xlink:arcrole="http://www.xbrl.org/2003/arcrole/summation-item" xlink:from="CashFlowsFromUsedInInvestingActivities" xlink:to="ProceedsFromCashAndCashEquivalentsInSubsidiaryOrBusinessesAcquired" xlink:title="Calculation: CashFlowsFromUsedInInvestingActivities to ProceedsFromCashAndCashEquivalentsInSubsidiaryOrBusinessesAcquired" order="2.0" weight="1"/><link:loc xlink:type="locator" xlink:href="https://xbrl.ifrs.org/taxonomy/2022-03-24/full_ifrs/full_ifrs-cor_2022-03-24.xsd#ifrs-full_ProceedsFromDisposalOfNoncurrentAssetsOrDisposalGroupsClassifiedAsHeldForSaleAndDiscontinuedOperations" xlink:label="ProceedsFromDisposalOfNoncurrentAssetsOrDisposalGroupsClassifiedAsHeldForSaleAndDiscontinuedOperations" xlink:title="ProceedsFromDisposalOfNoncurrentAssetsOrDisposalGroupsClassifiedAsHeldForSaleAndDiscontinuedOperations"/><link:calculationArc xlink:type="arc" xlink:arcrole="http://www.xbrl.org/2003/arcrole/summation-item" xlink:from="CashFlowsFromUsedInInvestingActivities" xlink:to="ProceedsFromDisposalOfNoncurrentAssetsOrDisposalGroupsClassifiedAsHeldForSaleAndDiscontinuedOperations" xlink:title="Calculation: CashFlowsFromUsedInInvestingActivities to ProceedsFromDisposalOfNoncurrentAssetsOrDisposalGroupsClassifiedAsHeldForSaleAndDiscontinuedOperations" order="3.0" weight="1"/><link:loc xlink:type="locator" xlink:href="391200T4AUN1BPBXAO14-2023-12-31.xsd#CAN_PaymentsForCashAndCashEquivalentsInSubsidiaryOrBusinessesDisposed" xlink:label="PaymentsForCashAndCashEquivalentsInSubsidiaryOrBusinessesDisposed" xlink:title="PaymentsForCashAndCashEquivalentsInSubsidiaryOrBusinessesDisposed"/><link:calculationArc xlink:type="arc" xlink:arcrole="http://www.xbrl.org/2003/arcrole/summation-item" xlink:from="CashFlowsFromUsedInInvestingActivities" xlink:to="PaymentsForCashAndCashEquivalentsInSubsidiaryOrBusinessesDisposed" xlink:title="Calculation: CashFlowsFromUsedInInvestingActivities to PaymentsForCashAndCashEquivalentsInSubsidiaryOrBusinessesDisposed" order="4.0" weight="-1"/><link:loc xlink:type="locator" xlink:href="https://xbrl.ifrs.org/taxonomy/2022-03-24/full_ifrs/full_ifrs-cor_2022-03-24.xsd#ifrs-full_PurchaseOfInvestmentsOtherThanInvestmentsAccountedForUsingEquityMethod" xlink:label="PurchaseOfInvestmentsOtherThanInvestmentsAccountedForUsingEquityMethod" xlink:title="PurchaseOfInvestmentsOtherThanInvestmentsAccountedForUsingEquityMethod"/><link:calculationArc xlink:type="arc" xlink:arcrole="http://www.xbrl.org/2003/arcrole/summation-item" xlink:from="CashFlowsFromUsedInInvestingActivities" xlink:to="PurchaseOfInvestmentsOtherThanInvestmentsAccountedForUsingEquityMethod" xlink:title="Calculation: CashFlowsFromUsedInInvestingActivities to PurchaseOfInvestmentsOtherThanInvestmentsAccountedForUsingEquityMethod" order="5.0" weight="-1"/><link:loc xlink:type="locator" xlink:href="https://xbrl.ifrs.org/taxonomy/2022-03-24/full_ifrs/full_ifrs-cor_2022-03-24.xsd#ifrs-full_PurchaseOfFinancialInstrumentsClassifiedAsInvestingActivities" xlink:label="PurchaseOfFinancialInstrumentsClassifiedAsInvestingActivities" xlink:title="PurchaseOfFinancialInstrumentsClassifiedAsInvestingActivities"/><link:calculationArc xlink:type="arc" xlink:arcrole="http://www.xbrl.org/2003/arcrole/summation-item" xlink:from="CashFlowsFromUsedInInvestingActivities" xlink:to="PurchaseOfFinancialInstrumentsClassifiedAsInvestingActivities" xlink:title="Calculation: CashFlowsFromUsedInInvestingActivities to PurchaseOfFinancialInstrumentsClassifiedAsInvestingActivities" order="6.0" weight="-1"/><link:loc xlink:type="locator" xlink:href="https://xbrl.ifrs.org/taxonomy/2022-03-24/full_ifrs/full_ifrs-cor_2022-03-24.xsd#ifrs-full_PurchaseOfPropertyPlantAndEquipmentIntangibleAssetsOtherThanGoodwillInvestmentPropertyAndOtherNoncurrentAssets" xlink:label="PurchaseOfPropertyPlantAndEquipmentIntangibleAssetsOtherThanGoodwillInvestmentPropertyAndOtherNoncurrentAssets" xlink:title="PurchaseOfPropertyPlantAndEquipmentIntangibleAssetsOtherThanGoodwillInvestmentPropertyAndOtherNoncurrentAssets"/><link:calculationArc xlink:type="arc" xlink:arcrole="http://www.xbrl.org/2003/arcrole/summation-item" xlink:from="CashFlowsFromUsedInInvestingActivities" xlink:to="PurchaseOfPropertyPlantAndEquipmentIntangibleAssetsOtherThanGoodwillInvestmentPropertyAndOtherNoncurrentAssets" xlink:title="Calculation: CashFlowsFromUsedInInvestingActivities to PurchaseOfPropertyPlantAndEquipmentIntangibleAssetsOtherThanGoodwillInvestmentPropertyAndOtherNoncurrentAssets" order="7.0" weight="-1"/><link:loc xlink:type="locator" xlink:href="https://xbrl.ifrs.org/taxonomy/2022-03-24/full_ifrs/full_ifrs-cor_2022-03-24.xsd#ifrs-full_ProceedsFromDisposalsOfPropertyPlantAndEquipmentIntangibleAssetsOtherThanGoodwillInvestmentPropertyAndOtherNoncurrentAssets" xlink:label="ProceedsFromDisposalsOfPropertyPlantAndEquipmentIntangibleAssetsOtherThanGoodwillInvestmentPropertyAndOtherNoncurrentAssets" xlink:title="ProceedsFromDisposalsOfPropertyPlantAndEquipmentIntangibleAssetsOtherThanGoodwillInvestmentPropertyAndOtherNoncurrentAssets"/><link:calculationArc xlink:type="arc" xlink:arcrole="http://www.xbrl.org/2003/arcrole/summation-item" xlink:from="CashFlowsFromUsedInInvestingActivities" xlink:to="ProceedsFromDisposalsOfPropertyPlantAndEquipmentIntangibleAssetsOtherThanGoodwillInvestmentPropertyAndOtherNoncurrentAssets" xlink:title="Calculation: CashFlowsFromUsedInInvestingActivities to ProceedsFromDisposalsOfPropertyPlantAndEquipmentIntangibleAssetsOtherThanGoodwillInvestmentPropertyAndOtherNoncurrentAssets" order="8.0" weight="1"/><link:loc xlink:type="locator" xlink:href="https://xbrl.ifrs.org/taxonomy/2022-03-24/full_ifrs/full_ifrs-cor_2022-03-24.xsd#ifrs-full_ProceedsFromSalesOrMaturityOfFinancialInstrumentsClassifiedAsInvestingActivities" xlink:label="ProceedsFromSalesOrMaturityOfFinancialInstrumentsClassifiedAsInvestingActivities" xlink:title="ProceedsFromSalesOrMaturityOfFinancialInstrumentsClassifiedAsInvestingActivities"/><link:calculationArc xlink:type="arc" xlink:arcrole="http://www.xbrl.org/2003/arcrole/summation-item" xlink:from="CashFlowsFromUsedInInvestingActivities" xlink:to="ProceedsFromSalesOrMaturityOfFinancialInstrumentsClassifiedAsInvestingActivities" xlink:title="Calculation: CashFlowsFromUsedInInvestingActivities to ProceedsFromSalesOrMaturityOfFinancialInstrumentsClassifiedAsInvestingActivities" order="9.0" weight="1"/><link:loc xlink:type="locator" xlink:href="391200T4AUN1BPBXAO14-2023-12-31.xsd#CAN_DividendsReceivedAndInterestReceivedClassifiedAsInvestingActivities" xlink:label="DividendsReceivedAndInterestReceivedClassifiedAsInvestingActivities" xlink:title="DividendsReceivedAndInterestReceivedClassifiedAsInvestingActivities"/><link:calculationArc xlink:type="arc" xlink:arcrole="http://www.xbrl.org/2003/arcrole/summation-item" xlink:from="CashFlowsFromUsedInInvestingActivities" xlink:to="DividendsReceivedAndInterestReceivedClassifiedAsInvestingActivities" xlink:title="Calculation: CashFlowsFromUsedInInvestingActivities to DividendsReceivedAndInterestReceivedClassifiedAsInvestingActivities" order="10.0" weight="1"/><link:loc xlink:type="locator" xlink:href="https://xbrl.ifrs.org/taxonomy/2022-03-24/full_ifrs/full_ifrs-cor_2022-03-24.xsd#ifrs-full_DividendsReceivedFromInvestmentsAccountedForUsingEquityMethodClassifiedAsInvestingActivities" xlink:label="DividendsReceivedFromInvestmentsAccountedForUsingEquityMethodClassifiedAsInvestingActivities" xlink:title="DividendsReceivedFromInvestmentsAccountedForUsingEquityMethodClassifiedAsInvestingActivities"/><link:calculationArc xlink:type="arc" xlink:arcrole="http://www.xbrl.org/2003/arcrole/summation-item" xlink:from="CashFlowsFromUsedInInvestingActivities" xlink:to="DividendsReceivedFromInvestmentsAccountedForUsingEquityMethodClassifiedAsInvestingActivities" xlink:title="Calculation: CashFlowsFromUsedInInvestingActivities to DividendsReceivedFromInvestmentsAccountedForUsingEquityMethodClassifiedAsInvestingActivities" order="11.0" weight="1"/><link:loc xlink:type="locator" xlink:href="https://xbrl.ifrs.org/taxonomy/2022-03-24/full_ifrs/full_ifrs-cor_2022-03-24.xsd#ifrs-full_CashFlowsFromUsedInFinancingActivities" xlink:label="CashFlowsFromUsedInFinancingActivities" xlink:title="CashFlowsFromUsedInFinancingActivities"/><link:loc xlink:type="locator" xlink:href="https://xbrl.ifrs.org/taxonomy/2022-03-24/full_ifrs/full_ifrs-cor_2022-03-24.xsd#ifrs-full_PaymentsToAcquireOrRedeemEntitysShares" xlink:label="PaymentsToAcquireOrRedeemEntitysShares" xlink:title="PaymentsToAcquireOrRedeemEntitysShares"/><link:calculationArc xlink:type="arc" xlink:arcrole="http://www.xbrl.org/2003/arcrole/summation-item" xlink:from="CashFlowsFromUsedInFinancingActivities" xlink:to="PaymentsToAcquireOrRedeemEntitysShares" xlink:title="Calculation: CashFlowsFromUsedInFinancingActivities to PaymentsToAcquireOrRedeemEntitysShares" order="1.0" weight="-1"/><link:loc xlink:type="locator" xlink:href="https://xbrl.ifrs.org/taxonomy/2022-03-24/full_ifrs/full_ifrs-cor_2022-03-24.xsd#ifrs-full_PaymentsForShareIssueCosts" xlink:label="PaymentsForShareIssueCosts" xlink:title="PaymentsForShareIssueCosts"/><link:calculationArc xlink:type="arc" xlink:arcrole="http://www.xbrl.org/2003/arcrole/summation-item" xlink:from="CashFlowsFromUsedInFinancingActivities" xlink:to="PaymentsForShareIssueCosts" xlink:title="Calculation: CashFlowsFromUsedInFinancingActivities to PaymentsForShareIssueCosts" order="2.0" weight="-1"/><link:loc xlink:type="locator" xlink:href="https://xbrl.ifrs.org/taxonomy/2022-03-24/full_ifrs/full_ifrs-cor_2022-03-24.xsd#ifrs-full_ProceedsFromNoncurrentBorrowings" xlink:label="ProceedsFromNoncurrentBorrowings" xlink:title="ProceedsFromNoncurrentBorrowings"/><link:calculationArc xlink:type="arc" xlink:arcrole="http://www.xbrl.org/2003/arcrole/summation-item" xlink:from="CashFlowsFromUsedInFinancingActivities" xlink:to="ProceedsFromNoncurrentBorrowings" xlink:title="Calculation: CashFlowsFromUsedInFinancingActivities to ProceedsFromNoncurrentBorrowings" order="3.0" weight="1"/><link:loc xlink:type="locator" xlink:href="https://xbrl.ifrs.org/taxonomy/2022-03-24/full_ifrs/full_ifrs-cor_2022-03-24.xsd#ifrs-full_RepaymentsOfNoncurrentBorrowings" xlink:label="RepaymentsOfNoncurrentBorrowings" xlink:title="RepaymentsOfNoncurrentBorrowings"/><link:calculationArc xlink:type="arc" xlink:arcrole="http://www.xbrl.org/2003/arcrole/summation-item" xlink:from="CashFlowsFromUsedInFinancingActivities" xlink:to="RepaymentsOfNoncurrentBorrowings" xlink:title="Calculation: CashFlowsFromUsedInFinancingActivities to RepaymentsOfNoncurrentBorrowings" order="4.0" weight="-1"/><link:loc xlink:type="locator" xlink:href="https://xbrl.ifrs.org/taxonomy/2022-03-24/full_ifrs/full_ifrs-cor_2022-03-24.xsd#ifrs-full_PaymentsOfLeaseLiabilitiesClassifiedAsFinancingActivities" xlink:label="PaymentsOfLeaseLiabilitiesClassifiedAsFinancingActivities" xlink:title="PaymentsOfLeaseLiabilitiesClassifiedAsFinancingActivities"/><link:calculationArc xlink:type="arc" xlink:arcrole="http://www.xbrl.org/2003/arcrole/summation-item" xlink:from="CashFlowsFromUsedInFinancingActivities" xlink:to="PaymentsOfLeaseLiabilitiesClassifiedAsFinancingActivities" xlink:title="Calculation: CashFlowsFromUsedInFinancingActivities to PaymentsOfLeaseLiabilitiesClassifiedAsFinancingActivities" order="5.0" weight="-1"/><link:loc xlink:type="locator" xlink:href="https://xbrl.ifrs.org/taxonomy/2022-03-24/full_ifrs/full_ifrs-cor_2022-03-24.xsd#ifrs-full_CashFlowsFromUsedInIncreaseDecreaseInCurrentBorrowings" xlink:label="CashFlowsFromUsedInIncreaseDecreaseInCurrentBorrowings" xlink:title="CashFlowsFromUsedInIncreaseDecreaseInCurrentBorrowings"/><link:calculationArc xlink:type="arc" xlink:arcrole="http://www.xbrl.org/2003/arcrole/summation-item" xlink:from="CashFlowsFromUsedInFinancingActivities" xlink:to="CashFlowsFromUsedInIncreaseDecreaseInCurrentBorrowings" xlink:title="Calculation: CashFlowsFromUsedInFinancingActivities to CashFlowsFromUsedInIncreaseDecreaseInCurrentBorrowings" order="6.0" weight="1"/><link:loc xlink:type="locator" xlink:href="391200T4AUN1BPBXAO14-2023-12-31.xsd#CAN_IncreaseDecreaseInCurrentLiabilitiesToLeasingCompaniesClassifiedAsFinancingActivities" xlink:label="IncreaseDecreaseInCurrentLiabilitiesToLeasingCompaniesClassifiedAsFinancingActivities" xlink:title="IncreaseDecreaseInCurrentLiabilitiesToLeasingCompaniesClassifiedAsFinancingActivities"/><link:calculationArc xlink:type="arc" xlink:arcrole="http://www.xbrl.org/2003/arcrole/summation-item" xlink:from="CashFlowsFromUsedInFinancingActivities" xlink:to="IncreaseDecreaseInCurrentLiabilitiesToLeasingCompaniesClassifiedAsFinancingActivities" xlink:title="Calculation: CashFlowsFromUsedInFinancingActivities to IncreaseDecreaseInCurrentLiabilitiesToLeasingCompaniesClassifiedAsFinancingActivities" order="7.0" weight="1"/><link:loc xlink:type="locator" xlink:href="https://xbrl.ifrs.org/taxonomy/2022-03-24/full_ifrs/full_ifrs-cor_2022-03-24.xsd#ifrs-full_InterestPaidClassifiedAsFinancingActivities" xlink:label="InterestPaidClassifiedAsFinancingActivities" xlink:title="InterestPaidClassifiedAsFinancingActivities"/><link:calculationArc xlink:type="arc" xlink:arcrole="http://www.xbrl.org/2003/arcrole/summation-item" xlink:from="CashFlowsFromUsedInFinancingActivities" xlink:to="InterestPaidClassifiedAsFinancingActivities" xlink:title="Calculation: CashFlowsFromUsedInFinancingActivities to InterestPaidClassifiedAsFinancingActivities" order="8.0" weight="-1"/><link:loc xlink:type="locator" xlink:href="https://xbrl.ifrs.org/taxonomy/2022-03-24/full_ifrs/full_ifrs-cor_2022-03-24.xsd#ifrs-full_DividendsPaidClassifiedAsFinancingActivities" xlink:label="DividendsPaidClassifiedAsFinancingActivities" xlink:title="DividendsPaidClassifiedAsFinancingActivities"/><link:calculationArc xlink:type="arc" xlink:arcrole="http://www.xbrl.org/2003/arcrole/summation-item" xlink:from="CashFlowsFromUsedInFinancingActivities" xlink:to="DividendsPaidClassifiedAsFinancingActivities" xlink:title="Calculation: CashFlowsFromUsedInFinancingActivities to DividendsPaidClassifiedAsFinancingActivities" order="9.0" weight="-1"/><link:loc xlink:type="locator" xlink:href="https://xbrl.ifrs.org/taxonomy/2022-03-24/full_ifrs/full_ifrs-cor_2022-03-24.xsd#ifrs-full_PaymentsFromChangesInOwnershipInterestsInSubsidiaries" xlink:label="PaymentsFromChangesInOwnershipInterestsInSubsidiaries" xlink:title="PaymentsFromChangesInOwnershipInterestsInSubsidiaries"/><link:calculationArc xlink:type="arc" xlink:arcrole="http://www.xbrl.org/2003/arcrole/summation-item" xlink:from="CashFlowsFromUsedInFinancingActivities" xlink:to="PaymentsFromChangesInOwnershipInterestsInSubsidiaries" xlink:title="Calculation: CashFlowsFromUsedInFinancingActivities to PaymentsFromChangesInOwnershipInterestsInSubsidiaries" order="10.0" weight="-1"/><link:loc xlink:type="locator" xlink:href="https://xbrl.ifrs.org/taxonomy/2022-03-24/full_ifrs/full_ifrs-cor_2022-03-24.xsd#ifrs-full_IncreaseDecreaseInCashAndCashEquivalentsBeforeEffectOfExchangeRateChanges" xlink:label="IncreaseDecreaseInCashAndCashEquivalentsBeforeEffectOfExchangeRateChanges" xlink:title="IncreaseDecreaseInCashAndCashEquivalentsBeforeEffectOfExchangeRateChanges"/><link:calculationArc xlink:type="arc" xlink:arcrole="http://www.xbrl.org/2003/arcrole/summation-item" xlink:from="IncreaseDecreaseInCashAndCashEquivalentsBeforeEffectOfExchangeRateChanges" xlink:to="CashFlowsFromUsedInOperatingActivities" xlink:title="Calculation: IncreaseDecreaseInCashAndCashEquivalentsBeforeEffectOfExchangeRateChanges to CashFlowsFromUsedInOperatingActivities" order="1.0" weight="1"/><link:calculationArc xlink:type="arc" xlink:arcrole="http://www.xbrl.org/2003/arcrole/summation-item" xlink:from="IncreaseDecreaseInCashAndCashEquivalentsBeforeEffectOfExchangeRateChanges" xlink:to="CashFlowsFromUsedInInvestingActivities" xlink:title="Calculation: IncreaseDecreaseInCashAndCashEquivalentsBeforeEffectOfExchangeRateChanges to CashFlowsFromUsedInInvestingActivities" order="2.0" weight="1"/><link:calculationArc xlink:type="arc" xlink:arcrole="http://www.xbrl.org/2003/arcrole/summation-item" xlink:from="IncreaseDecreaseInCashAndCashEquivalentsBeforeEffectOfExchangeRateChanges" xlink:to="CashFlowsFromUsedInFinancingActivities" xlink:title="Calculation: IncreaseDecreaseInCashAndCashEquivalentsBeforeEffectOfExchangeRateChanges to CashFlowsFromUsedInFinancingActivities" order="3.0" weight="1"/></link:calculationLink><link:calculationLink xlink:type="extended" xlink:role="http://cancom.com/role/ChangesinEquity"><link:loc xlink:type="locator" xlink:href="https://xbrl.ifrs.org/taxonomy/2022-03-24/full_ifrs/full_ifrs-cor_2022-03-24.xsd#ifrs-full_ComprehensiveIncome" xlink:label="ComprehensiveIncome" xlink:title="ComprehensiveIncome"/><link:loc xlink:type="locator" xlink:href="https://xbrl.ifrs.org/taxonomy/2022-03-24/full_ifrs/full_ifrs-cor_2022-03-24.xsd#ifrs-full_ProfitLoss" xlink:label="ProfitLoss" xlink:title="ProfitLoss"/><link:calculationArc xlink:type="arc" xlink:arcrole="http://www.xbrl.org/2003/arcrole/summation-item" xlink:from="ComprehensiveIncome" xlink:to="ProfitLoss" xlink:title="Calculation: ComprehensiveIncome to ProfitLoss" order="1.0" weight="1"/><link:loc xlink:type="locator" xlink:href="https://xbrl.ifrs.org/taxonomy/2022-03-24/full_ifrs/full_ifrs-cor_2022-03-24.xsd#ifrs-full_OtherComprehensiveIncome" xlink:label="OtherComprehensiveIncome" xlink:title="OtherComprehensiveIncome"/><link:calculationArc xlink:type="arc" xlink:arcrole="http://www.xbrl.org/2003/arcrole/summation-item" xlink:from="ComprehensiveIncome" xlink:to="OtherComprehensiveIncome" xlink:title="Calculation: ComprehensiveIncome to OtherComprehensiveIncome" order="2.0" weight="1"/></link:calculationLink></link:linkbase>