,"Revenue
(EUR)","Total Assets
(0FY, FY0, EUR)",Return On Assets,ROE,Net Profit Margin,"Employees Health & Safety Team
(0FY, FY0)","Employees Health & Safety OHSAS 18001
(0FY, FY0)","Employees With Disabilities
(FY0)","Employees Health & Safety Team Score
(FY0)","Employees Health & Safety OHSAS 18001 Score
(FY0)","Employees With Disabilities Score
(FY0)","Employees - Full-Time - Period End, 5 Yr CAGR
(FY0)","Employees - Full-Time - Period End, 5 Yr Avg
(FY0)","Employees - Full-Time - Period End, YoY Avg
(FI0)","Employees - Average
(FY0)","Employees - Part-Time - Period End
(0FY, FY0)","CSR Sustainability Committee
(0FY, FY0)","CSR Sustainability Reporting
(0FY, FY0)","CSR Sustainability Report Global Activities
(0FY, FY0)","CSR Sustainability External Audit
(0FY, FY0)","CSR Strategy Score
(0FY, FY0)","CSR Sustainability Committee Score
(0FY, FY0)","CSR Sustainability Reporting Score
(0FY, FY0)","CSR Sustainability Report Global Activities Score
(0FY, FY0)","CSR Sustainability External Audit Score
(0FY, FY0)","Salaries and Wages from CSR reporting
(FY0, USD)","Number of Employees  from CSR reporting
(FY0)","CDP CSR Sustainability External Audit
(FY0)",Credit Combined PD (%),"GRI Report Guidelines
(FY0)","GRI Report Guidelines Score
(FY0)","Grievance Mechanisms Human Rights
(0FY, FY0)","CDP Transition Plan Set of Actions
(0FY, FY0)","Women Managers
(0FY, FY0)","Women Managers Score
(0FY, FY0)","Dividends to Policy Holders
(0FY, FY0, USD)","Policy Acquisition Costs - Total
(0FY, FY0, USD)","Policy Board Diversity
(0FY, FY0)","Policy Diversity and Opportunity
(0FY, FY0)","Policy Diversity and Opportunity Score
(0FY, FY0)","Equal Pay for Equal Work
(0FY, FY0)","Equal Voting Rights
(0FY, FY0)","Targets Diversity and Opportunity
(0FY, FY0)","Targets Diversity and Opportunity Score
(0FY, FY0)","Corporate Responsibility Awards
(0FY, FY0)","Corporate Responsibility Awards Score
(0FY, FY0)","Diversity and Opportunity Controversies
(0FY, FY0)","Human Rights Board Oversight
(0FY, FY0)","Human Rights Identification
(0FY, FY0)","Human Rights Responsibility
(0FY, FY0)","Human Rights Policy
(0FY, FY0)","Human Rights Stakeholder Engagement
(0FY, FY0)","Training Hours Total
(0FY, FY0)","Employee Health & Safety Training Hours
(0FY, FY0)","Average Training Hours
(0FY, FY0)","Employee Health & Safety Training Hours Score
(0FY, FY0)","Average Training Hours Score
(0FY, FY0)","Hours Flown - Number - Total
(0FY, FY0)","Remaining Mine Life -Years - Total
(0FY, FY0)","Turnover of Employees
(0FY, FY0)","Employee Safety Initiative Participation
(0FY, FY0)","Number of Employees
(0FY, FY0)","Health & Safety Policy
(0FY, FY0)","Policy Employee Health & Safety
(0FY, FY0)","Part Time Employees
(0FY, FY0)","Policy Supply Chain Health & Safety
(0FY, FY0)","Policy Skills Training
(0FY, FY0)","Policy Career Development
(0FY, FY0)","Employees Health & Safety Team
(0FY, FY0).1","Health & Safety Training
(0FY, FY0)","Supply Chain Health & Safety Training
(0FY, FY0)","Supply Chain Health & Safety Improvements
(0FY, FY0)","Employee Satisfaction
(0FY, FY0)","Women Employees
(0FY, FY0)","Number of Employees  from CSR reporting
(0FY, FY0)","New Women Employees
(0FY, FY0)",ESG Coverage Flag,ESG Information Issuer Organization,ESG-Environmental,ESG-Governance,ESG-Social,"ESG Score
(0FY, FY0)","ESG Combined Score
(0FY, FY0)","Policy Executive Compensation ESG Performance
(0FY, FY0)","Supplier ESG training Score
(0FY, FY0)"
"Revenue
(EUR)",1.0,0.3428146765147595,0.7219170801896313,0.03210585840802841,-0.15787825927450602,0.15087767754851877,0.24481095127426356,-0.15075336947961104,0.1597263984581862,0.25237093732330385,-0.003138171540141529,-0.26146811794740266,0.5745374340291325,0.09616255994735577,-0.06327636235519776,,0.08470248931446533,,-0.653321930233462,0.1281543572211659,-0.18776388634152794,-0.10441722791088076,-0.11623972500889262,-0.6222332135390201,-0.06926681131128955,0.5610961868494247,0.2947118168978434,,-0.04684221288448848,,-0.003862004544013553,0.40798528009865986,,-0.18909556470795783,-0.22609140965898272,,,,,-0.2011827835527631,0.2791713812523363,-0.23153959935712404,-0.012917205218233828,-0.015529048341690043,0.17718038898527336,0.16671704852339136,,0.16088911892996635,0.39828620980935653,0.24494589749556894,,0.22884071240841009,0.12425015728279899,-0.6338144106949988,0.07312180968216335,,0.11398481351143644,,,0.0020368082857130407,-0.1566300384230628,0.2987168482366436,,,,-0.1483210357459862,,,0.15087767754851877,0.11994902855554683,0.338875174111722,,-0.4074409852387479,-0.040413545172594316,0.2948741458790301,-0.26442249012608704,,0.009686048252607151,,,,0.2960495301787684,0.11794394786954303,-0.12832724624263284,
"Total Assets
(0FY, FY0, EUR)",0.3428146765147595,1.0,0.543788230224997,-0.36142329665647316,-0.49519623000687746,0.28248320572723407,0.23267945687022387,0.14166683240863875,0.25618372938418865,0.18484793350827136,0.22059444624422084,-0.018065583280481336,0.8502591801976093,0.8123266190289582,0.7587949722172145,,0.22339855158533273,0.1426326584714848,-0.5362748085189184,0.20154976762972054,0.2568041418748757,0.11563874721270585,0.14230341273636982,-0.45849154804920833,0.03863075383326256,0.9880550894546107,0.8312969241339654,,0.02471662663447488,,0.4845056241065109,0.5475652569081235,,-0.12988703630773688,-0.1520699486682001,,,0.09740453311761849,,-0.29523822326602356,0.41566892851160087,0.09623117022078649,0.45248047950836423,0.4509663308387214,0.3146929085331953,0.30355178850158476,,0.3146838695341064,0.43154228613331114,0.6360298816343157,0.09913352700023993,0.24882707172892982,0.48836207505125107,-0.05069877592206404,-0.03762990844775987,,-0.13756457786673532,,,0.004029659010838309,0.3895282038153835,0.841390015003843,0.09913352700023993,0.09913352700023993,,-0.11116845434159026,0.09913352700023993,0.14438785081353722,0.28248320572723407,0.2282536177564308,-0.14784289236765394,-0.06679970551804959,0.11650095963667358,-0.0970265547931576,0.8255272101926625,-0.1558268587936355,,0.48721900094048576,,,,0.4814095179270183,0.08609316876853719,0.31158941349654096,
Return On Assets,0.7219170801896313,0.543788230224997,1.0,-0.13259579648467587,-0.09814250691463135,0.1578120592404523,0.2588148890400605,0.1592706411239411,0.16450768326610518,0.23932471803801592,0.28626893118485786,-0.13144386689105333,0.5473745654240688,0.4494167936432077,-0.1678761463686322,,0.07268536791600676,,-0.894353871065519,0.10986792446063949,-0.10723767991521727,-0.06354148011062892,-0.11633589912666287,-0.8755624715240998,-0.048431752491911124,0.41229476358471506,0.48585117679082024,,-0.007757093137210825,,0.16898089415888395,0.39815077088175493,,-0.005136727154714336,-0.026950105203754585,,,,,-0.5106216930882981,0.21781900563424786,0.043256373859315286,0.186268429115299,0.18134959452047847,0.12174897440488275,0.1018770544236167,,0.05993154088141785,0.25692080331889416,0.33096433028136324,,0.09006361901184952,0.49346115972359794,-0.11081976542703036,0.3284985617329653,,0.16095676650719337,,,-0.1330681286154138,0.035696552267364096,0.4663202038789145,,,,-0.25266097704208573,,,0.1578120592404523,0.10500348028105769,-0.055548104266733365,,-0.39823407852289233,-0.0832240262328311,0.49241221455157513,-0.19711090714176896,,0.14468336211115862,,,,0.36661564609739533,-0.059538297093958456,0.13818925542078986,
ROE,0.03210585840802841,-0.36142329665647316,-0.13259579648467587,1.0,0.6529185766693002,0.07704348252703674,0.026849709458271604,-0.06595822800490908,0.05792941465375877,0.022355737809315504,0.07116615227014167,-0.07990212697081912,-0.16510639772679134,-0.15764128336872882,0.018182351674548344,,-0.32261105963401865,,0.1326116126351043,-0.1971553070093186,-0.003259942529711766,-0.2306075056556977,-0.06032021637163631,0.10392217077449153,-0.25422257532343645,-0.29926843533638586,-0.18111930709155918,,-0.5030812699496774,,-0.4421357766547642,-0.008090759516924931,,-0.01594030563396429,0.06015517470397586,,,,,0.020556023892047862,0.10429457298090974,-0.17949521358894652,-0.18803165135945019,-0.18758152821991056,0.007311713086490762,0.019860920797183934,,0.006528374946987953,7.482422626612959e-06,-0.07172372135630366,,0.001654615255406559,-0.06650710231392638,0.5121702442341107,0.12048111559823659,,0.3074790834124211,,,-0.23007960759689414,-0.06303045317180973,-0.18754323309964044,,,,0.4169644779555981,,-0.2614125390590373,0.07704348252703674,-0.09079265275472947,0.20250447514087594,-0.036207095358640466,0.36300671266710693,0.05609751733102011,-0.17382452861237865,0.16636012779130402,,-0.22580877540857397,,,,0.039946697238077145,0.38327634488847073,-0.18772327931796426,
Net Profit Margin,-0.15787825927450602,-0.49519623000687746,-0.09814250691463135,0.6529185766693002,1.0,-0.06094787866051939,-0.3029436811405707,-0.15447334217733036,-0.04260320373758959,-0.3187258714707304,-0.11442475273148384,0.11000453640236298,-0.5510074292150071,-0.44531186229404357,-0.5619826102240058,,-0.5487693887056613,,0.1400514666936152,-0.2513660349541441,-0.04057616405673645,-0.34855269067665695,0.09215917454313723,0.11352910332675786,-0.09108284261092238,-0.6618488001267099,-0.5737680209719374,,-0.3092696609191357,,-0.17925459898589086,-0.2652863100308791,,0.23803003799698244,0.19091797601336738,,,,,0.2554680482960649,-0.2074452401461686,-0.02619322975649584,-0.030306286004229903,-0.02933717343893031,-0.3339824794038375,-0.3323009528775546,,-0.3048424115074595,-0.4253809854195407,-0.2801635968929956,,-0.33031465154393647,-0.3547816085078562,-0.5300779706873927,0.10374092403344871,,0.14232862195318952,,,-0.14741916043425632,-0.3160776585207224,-0.5691524482856747,,,,0.13515334193995132,,-0.35725576953532384,-0.06094787866051939,-0.33222560193803274,0.390344166127848,0.0584963623967006,0.1894862990341641,0.07334115926431181,-0.5615451300585091,0.25465964225555515,,-0.17642709123702566,,,,-0.23220695901029306,0.13531462425713855,-0.3278484042114781,
"Employees Health & Safety Team
(0FY, FY0)",0.15087767754851877,0.28248320572723407,0.1578120592404523,0.07704348252703674,-0.06094787866051939,1.0,0.41433758936226467,0.22488426645344267,0.9328292793874365,0.43776332783429517,0.40364519525375375,-0.04101793109757456,0.3979950316392019,0.3955054719322423,0.40018428790865546,,0.0715454758790177,0.12360642245385281,-0.08980265101338747,-0.12108986992412066,0.2887192479990503,0.0860504853829499,0.1359403290195093,-0.03160131149796661,-0.25806976908765283,0.2782056367473048,0.3080468287947209,,-0.10443451656150288,,-0.010715994370186109,0.1433382725918322,,0.27155813939520557,0.31249107489122796,,,-0.09046835805696826,,-0.03216543708182817,0.09443507923289587,-0.039610589640219594,-0.01242566832011788,-0.011611459976810186,0.31038034040666246,0.3057439974333187,,0.2361000704007588,0.11415825323692882,0.2126740773058501,0.2631806779839075,0.1141582532369289,0.28376038757570554,,0.14717151995303424,,0.21281377909632743,,,-0.02062939757671303,0.2361000704007588,0.33158103272241884,0.2631806779839075,0.2631806779839075,,-0.010257624248277844,0.2631806779839075,0.37670528747840876,1.0,0.4633482043145934,-0.22242869567200238,-0.26318067798390765,-0.005864734388944891,0.36420324356300693,0.3162349527021698,0.16311691846143192,,0.16190802962271328,,,,0.6041270428936022,0.48075209089070553,0.34819917952473817,
"Employees Health & Safety OHSAS 18001
(0FY, FY0)",0.24481095127426356,0.23267945687022387,0.2588148890400605,0.026849709458271604,-0.3029436811405707,0.41433758936226467,1.0,0.17094421854010416,0.36608134817333654,0.856408251217577,0.29122093886530004,-0.10637869852197784,0.4227928187354221,0.29370765265660875,0.5923825780606222,,0.358299286042239,0.1965143408987288,-0.17013926184468017,0.10050378152592111,0.05759595550377543,0.23461869095780602,0.16944030430821044,-0.18082738490609884,-0.1357075396562978,0.21724460289305128,0.4371067343406768,,-0.1758322629366853,,-0.09550609311417807,0.2966500516312648,,-0.11445485985058118,-0.04491232511193595,,,0.1372924118413188,,-0.26314850388834454,0.2663780856520238,-0.0026770523591802156,0.07860336953666273,0.07797591580520287,0.17784699788264766,0.17322853311497455,,0.4525885718428285,0.11504875287827815,0.4076824574955175,0.137292411841319,0.11504875287827815,0.38933846893996926,0.2027423569153284,0.15571293570632871,,0.08501678763390598,,,0.031997801921759945,0.3174405955286506,0.41734536478261763,0.137292411841319,0.137292411841319,,0.20052370111997025,0.137292411841319,0.19651434089872877,0.41433758936226467,0.39234574699515373,-0.11243619908556621,0.17342199390482405,-0.19734319490352675,0.04213618417446575,0.454186388592289,-0.1631691027797419,,0.2253024961083475,,,,0.4549752184763138,0.17567768666214945,0.24037057553357674,
"Employees With Disabilities
(FY0)",-0.15075336947961104,0.14166683240863875,0.1592706411239411,-0.06595822800490908,-0.15447334217733036,0.22488426645344267,0.17094421854010416,1.0,0.31816779348161445,0.14664596206821853,0.9558684580481208,0.022748102175971667,0.14297664648986572,0.016806681987022693,-0.06651821151885896,,0.2383131253339499,,-0.12715543103348598,0.1385615447854767,0.2819459298967768,0.33840211893439853,0.4995030915543617,-0.04174947630085441,0.09375563614123134,0.2386093471775925,0.15787149447291235,,0.02047430474402101,,0.3332346616403882,-0.05911473671446251,,-0.38335865919137185,-0.30546657968054136,,,0.2383131253339499,,-0.2394322133134107,0.1404723487574027,0.16789673704848931,0.1412540599529043,0.13943144197847526,0.3193016528124945,0.3293820918094814,,-0.1276628411597127,-0.18099149783208868,-0.10817673731697217,,-0.22370919787595467,0.3100427885351737,0.7392117897108177,0.21056403469574184,,0.06602104706779285,,,-0.5170905566528191,-0.14204026339479023,0.12334229905419153,,,,0.2904640781045405,,,0.22488426645344267,0.13673205164432073,-0.3177195729463136,,-0.29825133356530653,-0.26835981581660834,0.16745182957549554,-0.5372798861230595,,0.20906935200072316,,,,0.1061171634818894,-0.2634349181763416,0.10181172575783355,
"Employees Health & Safety Team Score
(FY0)",0.1597263984581862,0.25618372938418865,0.16450768326610518,0.05792941465375877,-0.04260320373758959,0.9328292793874365,0.36608134817333654,0.31816779348161445,1.0,0.3928443156673822,0.34385927262510235,-0.12135482023085203,0.3559025620306475,0.39520088501764206,0.3799762620292626,,0.09228178970942462,0.13801406325138618,-0.08475713020080718,-0.12640332248780317,0.2360245276308284,0.1165270769608577,0.15166490359883825,-0.003832839692941103,-0.255076915486687,0.27663320892722243,0.2639544712463258,,-0.06755034590612874,,0.027683562579099704,0.125359932752472,,0.29148388552200527,0.3128580697109602,,,-0.08676271336077497,,0.10104714014239734,0.026535814818525964,0.00915485142724857,-0.06215970891575571,-0.06130726057109875,0.351235043526934,0.3529277114045747,,0.22510658081907697,0.0686399862951021,0.20300965563393067,0.2796064877656965,0.09754787400127303,0.2351991486747664,-0.8984553905277896,0.06886054449457753,,0.10846759622940064,,,0.006283677006155044,0.22510658081907692,0.2935737372224162,0.2796064877656965,0.2796064877656965,,-0.09256089368060512,0.2796064877656965,0.4002164716706345,0.9328292793874365,0.34675169116482213,-0.2536347078666522,-0.2796064877656965,-0.006483324419475225,0.18143367564280335,0.27090385870233136,-0.12095671392307693,,0.13461117988634566,,,,0.5416040305861374,0.42122173947372366,0.26273364357263085,
"Employees Health & Safety OHSAS 18001 Score
(FY0)",0.25237093732330385,0.18484793350827136,0.23932471803801592,0.022355737809315504,-0.3187258714707304,0.43776332783429517,0.856408251217577,0.14664596206821853,0.3928443156673822,1.0,0.2509933430234481,-0.2017414945276295,0.4359684600635004,0.25526833802546417,0.5533616546148149,,0.37481509900576626,-0.01808434926300616,-0.17105062150419223,0.09759038971565351,-0.020605048836682887,0.27069548862362663,-0.07714749044291434,-0.22484145594151403,-0.08774537104880796,0.27609414965794166,0.37707597667967746,,-0.2671874916050665,,-0.11798541627071431,0.2770175755195988,,0.008429104444346181,0.01998400882570642,,,0.14362090839047326,,-0.22190623459364633,0.20693652309288474,0.15613475446450598,0.03813517465410857,0.03752604192055218,0.30504250642639935,0.29917137928436605,,0.43722418941056124,0.07279579906862475,0.39447962729857167,0.1436209083904733,0.09768404887249416,0.3710003086589139,0.019928601251421423,0.17663835205660408,,0.10713615632736984,,,0.07802364765526161,0.30129492134290947,0.36439208281484003,0.1436209083904733,0.1436209083904733,,0.23014041915375788,0.1436209083904733,0.20557267348650735,0.43776332783429517,0.4104309322769447,-0.1315409786311887,0.16888974032959786,-0.2113810785092211,0.1196016705083343,0.4302454779574393,-0.07369163518060905,,0.08586258413003584,,,,0.48577605195674506,0.21236200200045594,0.15907028108105403,
"Employees With Disabilities Score
(FY0)",-0.003138171540141529,0.22059444624422084,0.28626893118485786,0.07116615227014167,-0.11442475273148384,0.40364519525375375,0.29122093886530004,0.9558684580481208,0.34385927262510235,0.2509933430234481,1.0,-0.018574852368688628,0.25379283558643884,-0.028307622109270354,-0.0007303628357763606,,0.2361358414411649,,-0.2510368576128826,0.10913883052438497,0.1808115365187509,0.30760248752909597,0.34047694789381244,-0.19365317387132244,0.012464655951045326,0.17640005733005815,0.2635482956153974,,-0.04418305957190493,,0.3433041810578145,0.007291158269517471,,-0.3957519571296209,-0.23879427853001714,,,0.2361358414411649,,-0.4729166686665167,0.2497981850325344,0.03836656825635753,0.13309168156117324,0.13053303387006657,0.37272374569564204,0.3827825476773975,,-0.1234843567506469,-0.11288001917279979,-0.07158581290792744,,-0.30302312445104684,0.3729874943557669,0.9134614536876303,0.2447436713453332,,0.16083152286322563,,,-0.5688867183379382,-0.14003133816924257,0.22859853833648394,,,,0.3222384177411385,,,0.40364519525375375,0.4156844984738062,-0.345667477332293,,-0.1985498510010519,-0.17520147319928284,0.27701357967681883,-0.5491244518320176,,0.22799343110495188,,,,0.189059790779935,-0.24728986380900683,0.15240841759409646,
"Employees - Full-Time - Period End, 5 Yr CAGR
(FY0)",-0.26146811794740266,-0.018065583280481336,-0.13144386689105333,-0.07990212697081912,0.11000453640236298,-0.04101793109757456,-0.10637869852197784,0.022748102175971667,-0.12135482023085203,-0.2017414945276295,-0.018574852368688628,1.0,-0.11835417199196806,-0.158454628101534,-0.08976121868440223,,-0.06485586262320292,0.11179796256706918,0.1108844574404174,0.03881194103575209,0.1896980766634084,-0.06722718959873514,0.1849473379719781,0.1411897367849414,0.0548401357841826,-0.16539520120748313,-0.127944081418713,,0.2148714782167963,,0.14866611145828837,-0.08108327438927544,,-0.29298067029771985,-0.3309727815517154,,,0.2071438584473844,,-0.055083275570174874,-0.17616322188482153,0.255495152214335,0.08251909380850121,0.08161385362067797,-0.34800539429861715,-0.35546281543138136,,-0.020539574337834276,0.017279157139577193,-0.060745668211479024,0.11179796256706918,0.028523953908969096,-0.05954442331494434,0.2095300890459134,0.07248506002230833,,-0.015250166428502642,,,-0.3052087625853842,-0.06661105557126651,-0.13132680736602123,0.11179796256706918,0.11179796256706918,,0.10922115119174125,0.11179796256706918,0.07751549852997747,-0.04101793109757453,-0.2510281734210746,0.39998592654107085,0.04635579039254377,0.04352500203689117,-0.15624723849580083,-0.14160273237454452,0.010898823167278925,,0.13696919693773998,,,,-0.0109453287280477,0.06301957930687266,0.07557747113523305,
"Employees - Full-Time - Period End, 5 Yr Avg
(FY0)",0.5745374340291325,0.8502591801976093,0.5473745654240688,-0.16510639772679134,-0.5510074292150071,0.3979950316392019,0.4227928187354221,0.14297664648986572,0.3559025620306475,0.4359684600635004,0.25379283558643884,-0.11835417199196806,1.0,0.998819364333914,0.9985000399500802,,0.2619551983944277,0.11736766982811683,-0.4828226120837569,0.22274252396049907,0.18696054007863147,0.13255382551382722,0.07412870449519564,-0.4629678152193422,-0.018613805541066744,0.985825647274861,0.9976376377926355,,-0.04382649406889299,,0.20737974339796847,0.5978890712122971,,-0.06872609539747278,-0.006712539989956369,,,0.10550034376497386,,-0.4521554624938303,0.3608415663270279,-0.0076069240912260494,0.41988297563345933,0.41767404430207106,0.4377554252757148,0.4306389347909716,,0.4921452553850521,0.4845329635676975,0.7163177891088939,0.11736766982811683,0.47241374273388287,0.7058852678220532,0.8202533070869829,0.09089925948996096,,0.06122135870354794,,,0.021395908561218015,0.4472974460182878,0.9933742039629885,0.11736766982811683,0.11736766982811683,,-0.0005051211743464387,0.11736766982811683,0.17483690819736333,0.39799503163920186,0.29933820434961833,-0.12777537101361933,-0.09547642249787586,0.20142333739850693,0.005328147373886248,0.9968484778601008,-0.032918389144274834,,0.3419073237410163,,,,0.5956015522119092,0.21401147878469592,0.33963876589964326,
"Employees - Full-Time - Period End, YoY Avg
(FI0)",0.09616255994735577,0.8123266190289582,0.4494167936432077,-0.15764128336872882,-0.44531186229404357,0.3955054719322423,0.29370765265660875,0.016806681987022693,0.39520088501764206,0.25526833802546417,-0.028307622109270354,-0.158454628101534,0.998819364333914,1.0,0.9995000526451269,,0.2877794022714515,0.1303869270721465,,0.17160799917256378,0.5183655835287445,0.18777333873371305,0.08992783814664033,0.02907218311734513,-0.11926593443490341,0.9845219052569181,0.9988078334507502,,-0.050111904295060496,,-0.09857975833382183,0.5001700029414448,,0.09796930560637496,0.1124802813950708,,,0.11354787418859667,,-0.038387611628761975,0.2695994989547169,-0.015150251181169692,0.46267413712016814,0.463251119550953,0.47377827633117525,0.47289199216718797,,0.4638130658449341,0.39911003648921006,0.5195443681146359,0.1303869270721465,0.5195412534186007,0.6966684221108106,0.9092301638308233,0.19799168669047001,,0.13299739112096554,,,0.03627084818044036,0.627264225936618,0.9897612031353559,0.1303869270721465,0.1303869270721465,,-0.07734321982744642,0.1303869270721465,0.19853731433608143,0.3955054719322423,0.2908329780216445,-0.049296830669397766,-0.09093053393341671,0.052662078790832,-0.01579662580310363,0.9967217961673073,0.05844354920308479,,0.07454231130656402,,,,0.629380236579484,0.5354024048164802,0.3512027532364835,
"Employees - Average
(FY0)",-0.06327636235519776,0.7587949722172145,-0.1678761463686322,0.018182351674548344,-0.5619826102240058,0.40018428790865546,0.5923825780606222,-0.06651821151885896,0.3799762620292626,0.5533616546148149,-0.0007303628357763606,-0.08976121868440223,0.9985000399500802,0.9995000526451269,1.0,,0.2613310987836137,0.17943512258155375,,0.14919445846602272,0.07799515196752142,0.10116541742520674,0.13753892910105417,-0.06420312590978054,-0.17959666458230583,0.9945462031888387,0.9975017517405462,,-0.1405662847304353,,0.011668623814077704,0.6463234068790341,,-0.04086379944091776,0.062151879847498,,,,,-0.38953157309788883,0.32176482880246565,0.05576961122166632,0.2677370149454816,0.2664653040993634,0.4386568095457967,0.439185569766333,,0.7691943799871529,0.4303609733425002,0.7691943799871529,0.12502792346587377,0.6010210430811501,0.898419583156038,1.0,-0.02084704412877167,,0.05057156529168602,,,0.2491749000906868,0.6800030967464995,0.999036645903285,0.12502792346587377,0.12502792346587377,,0.21089981118042056,0.12502792346587377,0.18772448635415254,0.4001842879086555,0.2874588808492894,-0.1270091598384883,-0.0937601730429121,0.2949547181341787,0.040037658229937254,0.9963942643941531,-0.07520814243581038,,0.30911742594693864,,,,0.558380707568091,0.18674385753384573,0.3412581347197894,
"Employees - Part-Time - Period End
(0FY, FY0)",,,,,,,,,,,,,,,,,,,,,,,,,,,,,,,,,,,,,,,,,,,,,,,,,,,,,,,,,,,,,,,,,,,,,,,,,,,,,,,,,,,,,
"CSR Sustainability Committee
(0FY, FY0)",0.08470248931446533,0.22339855158533273,0.07268536791600676,-0.32261105963401865,-0.5487693887056613,0.0715454758790177,0.358299286042239,0.2383131253339499,0.09228178970942462,0.37481509900576626,0.2361358414411649,-0.06485586262320292,0.2619551983944277,0.2877794022714515,0.2613310987836137,,1.0,0.22976204097614164,-0.05892556509887875,0.21320071635561047,0.2647612835330898,0.9466524911356378,0.2622697328938729,0.019354620367860204,0.03593591368482745,0.22191375997826554,0.2303114830678213,,0.10595108397292198,,0.11548651892937109,0.1925243804447556,,-0.02568460083889462,-0.03442666824190071,,,0.3831780223674067,,0.018756675240574422,0.16272262462733647,0.2877557846975817,-0.10639556225633542,-0.1062010591025656,0.3194618945287558,0.31906363800545384,,0.16216216216216192,0.17757120130114426,0.14607233345258933,0.3831780223674065,-0.0042278857452654195,0.17425757712279308,,-0.13342045714558184,,-0.191662710873584,,,0.0382773498748881,0.162162162162162,0.24323960533677225,0.3831780223674065,0.3831780223674065,,-0.032291010762172195,0.3831780223674065,0.5484642268462739,0.0715454758790177,0.3678260598380843,-0.28775578469758173,0.06213697660011983,-0.2795887484293468,-0.1334845564197402,0.23456175658156175,-0.15273380324090632,,0.2627417800784727,,,,0.3906659909615426,0.3011234510256952,0.04871694862179371,
"CSR Sustainability Reporting
(0FY, FY0)",,0.1426326584714848,,,,0.12360642245385281,0.1965143408987288,,0.13801406325138618,-0.01808434926300616,,0.11179796256706918,0.11736766982811683,0.1303869270721465,0.17943512258155375,,0.22976204097614164,1.0,,,0.4275860200943389,0.15364212532323118,0.9683301868354695,,,,0.10913323788994411,,0.15099233753632615,,-0.21868846832702193,0.10559273546969097,,,,,,-0.03407990882955019,,-0.08521639405783818,0.23684923680605297,0.15782375397470205,0.2368492368060529,0.23684404364550254,0.09506260074965504,0.09485208886804081,,0.08894014489399045,0.09739145163179626,0.08011544943070567,0.6986381310057719,0.09739145163179629,,,,,,,,,0.08894014489399044,0.14702816752382605,0.6986381310057719,0.6986381310057719,,0.28690952087850224,0.6986381310057719,0.47560975609756095,0.12360642245385284,0.20173943552300652,0.11363310286178553,0.03407990882954986,,,,,,0.1585892932967061,,,,0.38393255661647263,0.35007985904513406,0.10878655020923028,
"CSR Sustainability Report Global Activities
(0FY, FY0)",-0.653321930233462,-0.5362748085189184,-0.894353871065519,0.1326116126351043,0.1400514666936152,-0.08980265101338747,-0.17013926184468017,-0.12715543103348598,-0.08475713020080718,-0.17105062150419223,-0.2510368576128826,0.1108844574404174,-0.4828226120837569,,,,-0.05892556509887875,,1.0,-0.05096471914376254,0.07284261487527671,-0.0016689040022641324,0.048947839548024744,0.9375261445524642,0.03514069518831878,,-0.4460457420017162,,0.0002795389164696189,,-0.28500023945666053,-0.32113081446662856,,0.01731798158456725,0.029062558466852125,,,-0.02499999999999982,,0.33932652410750735,-0.1398757212360471,-0.07784989441615228,-0.13987572123604705,-0.1371423777919788,-0.10170952554312175,-0.09162257719392201,,0.0654653670707976,-0.34846602621858475,-0.42426406871192857,,0.07174300539794391,-0.206158647324382,,0.050311209748704185,,0.07606876647119562,,,0.09443191727516284,0.06546536707079759,-0.468065012871162,,,,0.21957751641342008,,-0.02500000000000005,-0.08980265101338747,-0.06546536707079795,0.08385254915624213,0.024999999999999942,,0.039761603867786,-0.4568929324107057,0.20499814549783174,,-0.2574875346477258,,,,-0.21672129387389774,0.11192914838122034,-0.09574271077563383,
"CSR Sustainability External Audit
(0FY, FY0)",0.1281543572211659,0.20154976762972054,0.10986792446063949,-0.1971553070093186,-0.2513660349541441,-0.12108986992412066,0.10050378152592111,0.1385615447854767,-0.12640332248780317,0.09759038971565351,0.10913883052438497,0.03881194103575209,0.22274252396049907,0.17160799917256378,0.14919445846602272,,0.21320071635561047,,-0.05096471914376254,1.0,0.01114227875569236,0.09616313710624382,0.19985502286256696,0.014599045711618188,0.873748330827196,,0.1937952215312591,,0.3011923423401254,,0.22975248114554056,0.1611645928050758,,-0.3238937863216016,-0.3542769251818633,,,-0.05096471914376254,,-0.13483914770245087,-0.2696799449852969,-0.14813363449166972,-0.08388269992021515,-0.084808972385357,-0.17407765595569796,-0.1761035630953209,,0.13483997249264829,0.14813363449166966,0.12108986992412053,,-0.10580973892262123,0.12707187394653718,,0.01874906885637707,,-0.048045385631748136,,,-0.4335013271056971,0.13483997249264826,0.18889987667371144,,,,-0.017436851272653965,,,-0.12108986992412071,-0.09090909090909112,0.14813363449166975,,0.7044423746782813,-0.38887667009270505,0.1906182639946853,-0.27573039211542305,,0.23057104249129376,,,,-0.010898649728592651,-0.14106432831354326,0.10580973892262116,
"CSR Strategy Score
(0FY, FY0)",-0.18776388634152794,0.2568041418748757,-0.10723767991521727,-0.003259942529711766,-0.04057616405673645,0.2887192479990503,0.05759595550377543,0.2819459298967768,0.2360245276308284,-0.020605048836682887,0.1808115365187509,0.1896980766634084,0.18696054007863147,0.5183655835287445,0.07799515196752142,,0.2647612835330898,0.4275860200943389,0.07284261487527671,0.01114227875569236,1.0,0.3392672868905385,0.4916981074581476,0.206228971023449,0.10742859143096076,-0.09099020823539403,0.1157049869982617,,-0.06354100899373427,,0.24891582322468522,0.04149243468815779,,-0.019625933920468658,-0.04016759280454485,,,0.06830963760163374,,0.20891319750217996,0.125167721095269,0.16649907656462318,0.2959042207786479,0.2979235572200392,0.20093656502969262,0.20256225323718666,,-0.009696184249772925,0.22233697013019976,0.017609716109093204,0.4563824970900912,0.09865995250881686,0.2004691699224812,0.25785539824664205,-0.06942334079703578,,-0.13273119391587887,,,-0.10264221345981091,0.06481461852815776,0.13290628595719878,0.4563824970900912,0.4563824970900912,,0.22300961321875862,0.4563824970900912,0.4275860200943387,0.2887192479990502,0.2109212790350974,0.10374751502262025,-0.04648053925540776,-0.07598562887582626,0.07761995437541165,0.07662413282853224,0.12799803215910013,,0.366692616503163,,,,0.5135650382451439,0.5694658164138889,0.05097876774296142,
"CSR Sustainability Committee Score
(0FY, FY0)",-0.10441722791088076,0.11563874721270585,-0.06354148011062892,-0.2306075056556977,-0.34855269067665695,0.0860504853829499,0.23461869095780602,0.33840211893439853,0.1165270769608577,0.27069548862362663,0.30760248752909597,-0.06722718959873514,0.13255382551382722,0.18777333873371305,0.10116541742520674,,0.9466524911356378,0.15364212532323118,-0.0016689040022641324,0.09616313710624382,0.3392672868905385,1.0,0.23286078749148686,0.13370736634425676,0.035806542170602106,-0.0003911882019208714,0.07459785857528775,,0.0735024842235614,,0.229260827037373,0.040056676523333105,,0.09552359846685657,0.08095094886124327,,,0.36273642942253265,,0.13302948269120646,0.1020179191940303,0.26011685522649725,-0.15711960364626057,-0.1564311699306686,0.2747173836061439,0.2770847858138379,,0.03558437993624186,0.04934590413792761,0.052925485574196435,0.36273642942253254,-0.12165864523312676,0.059620309044937154,0.831742726157687,-0.19926973822411378,,-0.24885151720237073,,,0.0804822181565169,0.01805365213175843,0.10234043962426276,0.36273642942253254,0.36273642942253254,,-0.07659932840795011,0.36273642942253254,0.5192050266428069,0.08605048538294992,0.3112647662760357,-0.30337798580497616,0.021934363434758814,-0.30297758264719343,-0.08836250147666529,0.09025812034100701,-0.08601806976290084,,0.30306835467195226,,,,0.3371972423190251,0.29687641653522523,-0.057000948279380854,
"CSR Sustainability Reporting Score
(0FY, FY0)",-0.11623972500889262,0.14230341273636982,-0.11633589912666287,-0.06032021637163631,0.09215917454313723,0.1359403290195093,0.16944030430821044,0.4995030915543617,0.15166490359883825,-0.07714749044291434,0.34047694789381244,0.1849473379719781,0.07412870449519564,0.08992783814664033,0.13753892910105417,,0.2622697328938729,0.9683301868354695,0.048947839548024744,0.19985502286256696,0.4916981074581476,0.23286078749148686,1.0,0.3647823358733358,0.32992095907515945,-0.3167481820583395,0.05873710853095456,,0.22511687875076936,,0.0210184475247415,0.05141124536965283,,-0.0033396040906606126,-0.009043011904061175,,,-0.01867371771991161,,-0.038862773654563074,0.18928610236923385,0.09812285648458474,0.19346069938302102,0.1935995775827115,0.02930626349368877,0.029676843434319127,,0.0617268836283606,0.07236181205421993,0.06813146303820501,0.6765123919272023,0.052396637307919845,-0.19451756614681684,-0.5493788468441595,-0.23803603538285378,,-0.25947338609855036,,,-0.19395687418748564,0.014442803665577795,0.11045104439852242,0.6765123919272023,0.6765123919272023,,0.2389399000819626,0.6765123919272023,0.4722814653245362,0.13594032901950936,0.16672879508381408,0.12709299188330325,0.0346127290522084,0.16113156111123192,-0.198557930989068,-0.13728554080170258,-0.2342505787563847,,0.2764892977947587,,,,0.36532931706104593,0.3333908306790032,0.056303012076568584,
"CSR Sustainability Report Global Activities Score
(0FY, FY0)",-0.6222332135390201,-0.45849154804920833,-0.8755624715240998,0.10392217077449153,0.11352910332675786,-0.03160131149796661,-0.18082738490609884,-0.04174947630085441,-0.003832839692941103,-0.22484145594151403,-0.19365317387132244,0.1411897367849414,-0.4629678152193422,0.02907218311734513,-0.06420312590978054,,0.019354620367860204,,0.9375261445524642,0.014599045711618188,0.206228971023449,0.13370736634425676,0.3647823358733358,1.0,0.12321694153210025,-0.1757763839328049,-0.43095120460715264,,0.09224717788255578,,-0.03916090263014039,-0.3436057115014841,,0.013738995143711732,0.02233767201165838,,,-0.0204097864906451,,0.40254411101636906,-0.15152689869161443,-0.1681003488923526,-0.19596913527300816,-0.1931207948403068,-0.1278829685130755,-0.11610628806174876,,0.02677606891605772,-0.3251042472999331,-0.41105425164291476,,0.03877505762497848,-0.24528837535354334,-0.31644402027071095,-0.04256046853856629,,-0.019773348115359236,,,0.04127682811111654,-0.02464584199472794,-0.44887215993515206,,,,0.10862901464849503,,0.012247120249460905,-0.03160131149796664,-0.1000681731751106,0.05579497881431989,-0.0021678280457243775,0.041845982335980525,-0.03950670156177619,-0.44305139227710616,0.11203621620734351,,-0.05935901534475452,,,,-0.20417122010493174,0.10486291496103849,-0.1756120399662969,
"CSR Sustainability External Audit Score
(0FY, FY0)",-0.06926681131128955,0.03863075383326256,-0.048431752491911124,-0.25422257532343645,-0.09108284261092238,-0.25806976908765283,-0.1357075396562978,0.09375563614123134,-0.255076915486687,-0.08774537104880796,0.012464655951045326,0.0548401357841826,-0.018613805541066744,-0.11926593443490341,-0.17959666458230583,,0.03593591368482745,,0.03514069518831878,0.873748330827196,0.10742859143096076,0.035806542170602106,0.32992095907515945,0.12321694153210025,1.0,-0.7497978827968612,-0.053407065050128884,,0.2895214673825339,,0.3989102144465167,-0.10863563196638142,,-0.18522204685381174,-0.250439638412344,,,-0.20938776621874358,,0.076637699622148,-0.3885311455076388,-0.055609112657186446,-0.11895452250494012,-0.118999695697402,-0.2671411941642405,-0.26711216381808267,,-0.06608166932465731,-0.03906472852139005,-0.014003560156627815,,-0.29504935096824175,-0.15025324713238924,-0.3185645720926631,-0.19780286059004082,,-0.2717556240152665,,,-0.3011994207436221,-0.11787259585648108,-0.05250378419815142,,,,-0.03216521635401835,,,-0.2580697690876528,-0.1495295365551246,0.1521184900408282,,0.6276440912893076,-0.27270101685989395,-0.06102322087433033,-0.1872869508646088,,0.22581462195703617,,,,-0.20182417894632748,-0.2760466968625245,-0.0021379882709751433,
"Salaries and Wages from CSR reporting
(FY0, USD)",0.5610961868494247,0.9880550894546107,0.41229476358471506,-0.29926843533638586,-0.6618488001267099,0.2782056367473048,0.21724460289305128,0.2386093471775925,0.27663320892722243,0.27609414965794166,0.17640005733005815,-0.16539520120748313,0.985825647274861,0.9845219052569181,0.9945462031888387,,0.22191375997826554,,,,-0.09099020823539403,-0.0003911882019208714,-0.3167481820583395,-0.1757763839328049,-0.7497978827968612,1.0,0.9805904447827205,,-0.03261299666778684,,-0.541978593504866,0.5508805709742512,,-0.06630091932025786,-0.0736445499738744,,,,,-0.5508805709742512,0.7265502601410516,-0.05352838735100496,0.563386125951235,0.5594566662131146,0.5077338985725752,0.4990676166327378,,0.5508805709742512,,0.6821228065890643,,0.9581394139602153,0.6777687400828136,1.0000000000000002,0.3706412978218462,,0.3570784615304916,,,0.4118337446450146,0.5508805709742512,0.9547862999200802,,,,0.03177624209719394,,,0.2782056367473048,0.28534404542327957,-0.28534404542327957,,-0.2065670478606145,-0.33289113601194786,0.9756079675511414,0.2603203096292761,,0.12070627232792241,,,,0.6574107438504879,0.01634254672720244,0.3230070675721423,
"Number of Employees  from CSR reporting
(FY0)",0.2947118168978434,0.8312969241339654,0.48585117679082024,-0.18111930709155918,-0.5737680209719374,0.3080468287947209,0.4371067343406768,0.15787149447291235,0.2639544712463258,0.37707597667967746,0.2635482956153974,-0.127944081418713,0.9976376377926355,0.9988078334507502,0.9975017517405462,,0.2303114830678213,0.10913323788994411,-0.4460457420017162,0.1937952215312591,0.1157049869982617,0.07459785857528775,0.05873710853095456,-0.43095120460715264,-0.053407065050128884,0.9805904447827205,1.0,,-0.018606673773643067,,0.1500014756751297,0.5292051342132809,,-0.10443868953401768,-0.030597466207331267,,,0.09951505103382766,,-0.4606573307333578,0.38476153410700026,-0.02026375435470222,0.397006826307367,0.3948900712471766,0.36619230536425385,0.3601660229801277,,0.4317129216908632,0.42572790486232776,0.7145562876128612,,0.4224028530626945,0.6938407244981772,0.9061977420206395,0.06428270600564752,,0.03515591119131115,,,0.045811331244916924,0.45295029002696774,0.9961736772793182,,,,0.013465469028566763,,0.11764259232352896,0.308046828794721,0.24259357362264367,-0.12521388416241047,,0.08592588911971498,-0.03908324683289625,0.9992753302993687,-0.03564627585991967,,0.30198815848705757,,,,0.5843943304057124,0.12120695535063684,0.29978832606445294,
"CDP CSR Sustainability External Audit
(FY0)",,,,,,,,,,,,,,,,,,,,,,,,,,,,,,,,,,,,,,,,,,,,,,,,,,,,,,,,,,,,,,,,,,,,,,,,,,,,,,,,,,,,,
Credit Combined PD (%),-0.04684221288448848,0.02471662663447488,-0.007757093137210825,-0.5030812699496774,-0.3092696609191357,-0.10443451656150288,-0.1758322629366853,0.02047430474402101,-0.06755034590612874,-0.2671874916050665,-0.04418305957190493,0.2148714782167963,-0.04382649406889299,-0.050111904295060496,-0.1405662847304353,,0.10595108397292198,0.15099233753632615,0.0002795389164696189,0.3011923423401254,-0.06354100899373427,0.0735024842235614,0.22511687875076936,0.09224717788255578,0.2895214673825339,-0.03261299666778684,-0.018606673773643067,,1.0,,0.18425022399139637,-0.0594992509704538,,-0.19574320653254312,-0.22779678584772842,,,0.03922518556809414,,0.030036887012017042,-0.13545341494702626,-0.0034126249251449038,-0.08404991537356979,-0.08444033280098835,-0.3599128472118943,-0.36086086809947066,,-0.027345020992970086,-0.070975896708084,-0.01113309927930149,,-0.03901540807062345,-0.06133426425987469,0.15565270883833945,-0.05598379584764105,,-0.1057794616392389,,,-0.3035991366703203,-0.019890759690028875,-0.014337880909853625,,,,-0.20705580021123726,,-0.010398625731651635,-0.10443451656150281,-0.09499222699819745,-0.003952918591842656,0.023113976727640304,-0.027611934361671794,-0.34456818227273506,-0.038401861343130284,-0.10156214972028245,,0.034498811438191605,,,,-0.19267092053432794,-0.24836550944712552,-0.07362681961052198,
"GRI Report Guidelines
(FY0)",,,,,,,,,,,,,,,,,,,,,,,,,,,,,,,,,,,,,,,,,,,,,,,,,,,,,,,,,,,,,,,,,,,,,,,,,,,,,,,,,,,,,
"GRI Report Guidelines Score
(FY0)",-0.003862004544013553,0.4845056241065109,0.16898089415888395,-0.4421357766547642,-0.17925459898589086,-0.010715994370186109,-0.09550609311417807,0.3332346616403882,0.027683562579099704,-0.11798541627071431,0.3433041810578145,0.14866611145828837,0.20737974339796847,-0.09857975833382183,0.011668623814077704,,0.11548651892937109,-0.21868846832702193,-0.28500023945666053,0.22975248114554056,0.24891582322468522,0.229260827037373,0.0210184475247415,-0.03916090263014039,0.3989102144465167,-0.541978593504866,0.1500014756751297,,0.18425022399139637,,1.0,0.016160733579475593,,-0.06336576988874396,-0.11713367463862932,,,0.06858902654802952,,0.05622008054869456,-0.11087301901994981,-0.03497443475654058,0.07645563078490122,0.07615461962873032,-0.16099009575633524,-0.16574413177916555,,-0.03943070453138101,-0.01623589911453519,0.1806335238224011,,-0.31420120032402155,-0.14343481459208168,-0.5003499946526635,-0.4329740915560081,,-0.5729264337456212,,,-0.09926749778974177,-0.10282385990678959,0.17368348811763357,,,,-0.3020532526557957,,,-0.010715994370186097,-0.1464610119830335,-0.06562392017094312,,0.2476408812408174,-0.22472753943305843,0.17298161664278242,-0.3497677241843688,,0.708790802952474,,,,0.024795914814056665,-0.34461007695203844,-0.06272555010726676,
"Grievance Mechanisms Human Rights
(0FY, FY0)",0.40798528009865986,0.5475652569081235,0.39815077088175493,-0.008090759516924931,-0.2652863100308791,0.1433382725918322,0.2966500516312648,-0.05911473671446251,0.125359932752472,0.2770175755195988,0.007291158269517471,-0.08108327438927544,0.5978890712122971,0.5001700029414448,0.6463234068790341,,0.1925243804447556,0.10559273546969097,-0.32113081446662856,0.1611645928050758,0.04149243468815779,0.040056676523333105,0.05141124536965283,-0.3436057115014841,-0.10863563196638142,0.5508805709742512,0.5292051342132809,,-0.0594992509704538,,0.016160733579475593,1.0,,-0.006965882125575967,-0.02669792349086357,,,0.0737711113563314,,-0.43573318805071526,0.32600775435658147,-0.04782867026529608,0.2061929386528806,0.2039639446386963,0.31471831698777736,0.2998048681007324,,0.6698244069640465,0.43669548640420486,0.38586393643823325,0.07377111135633174,0.43669548640420475,0.5075428043886376,-0.37069933604637184,0.18876367563007504,,0.018543172673113503,,,-0.20614836417670493,0.6698244069640465,0.525075584105272,0.07377111135633174,0.07377111135633174,,0.12076147288491197,0.07377111135633174,0.10559273546969092,0.14333827259183218,0.21081851067789198,0.19473101465156215,-0.0737711113563318,0.399974097107321,-0.010014441669326524,0.5360617841266081,-0.1395554835145909,,0.11247747225062021,,,,0.4424824915567799,0.21805444961855364,0.1642197489952455,
"CDP Transition Plan Set of Actions
(0FY, FY0)",,,,,,,,,,,,,,,,,,,,,,,,,,,,,,,,,,,,,,,,,,,,,,,,,,,,,,,,,,,,,,,,,,,,,,,,,,,,,,,,,,,,,
"Women Managers
(0FY, FY0)",-0.18909556470795783,-0.12988703630773688,-0.005136727154714336,-0.01594030563396429,0.23803003799698244,0.27155813939520557,-0.11445485985058118,-0.38335865919137185,0.29148388552200527,0.008429104444346181,-0.3957519571296209,-0.29298067029771985,-0.06872609539747278,0.09796930560637496,-0.04086379944091776,,-0.02568460083889462,,0.01731798158456725,-0.3238937863216016,-0.019625933920468658,0.09552359846685657,-0.0033396040906606126,0.013738995143711732,-0.18522204685381174,-0.06630091932025786,-0.10443868953401768,,-0.19574320653254312,,-0.06336576988874396,-0.006965882125575967,,1.0,0.9552285056883058,,,-0.1919459676174092,,0.19158604189943998,-0.3285857067415738,0.11717719661314828,-0.13310601537477101,-0.13253110266832932,0.19664297728742083,0.19068519370144957,,-0.12741281779276223,-0.3033464856955468,-0.10077771053373759,,0.0051856672528743895,-0.03831130843649563,-0.4162306138539191,0.027813501521653898,,0.07613693872338989,,,0.3629601065546503,0.11371980141474786,-0.0973253739879778,,,,-0.27706041656116376,,0.2378559620775698,0.27155813939520546,0.2456787359216939,-0.06093032582293594,-0.0011019536071405398,-0.17249720380943218,0.6804304869663413,-0.09695561854508385,0.6542213415695108,,-0.06344079251193442,,,,0.139743458310726,0.23053264466489246,-0.05282029397174303,
"Women Managers Score
(0FY, FY0)",-0.22609140965898272,-0.1520699486682001,-0.026950105203754585,0.06015517470397586,0.19091797601336738,0.31249107489122796,-0.04491232511193595,-0.30546657968054136,0.3128580697109602,0.01998400882570642,-0.23879427853001714,-0.3309727815517154,-0.006712539989956369,0.1124802813950708,0.062151879847498,,-0.03442666824190071,,0.029062558466852125,-0.3542769251818633,-0.04016759280454485,0.08095094886124327,-0.009043011904061175,0.02233767201165838,-0.250439638412344,-0.0736445499738744,-0.030597466207331267,,-0.22779678584772842,,-0.11713367463862932,-0.02669792349086357,,0.9552285056883058,1.0,,,-0.20866634469159048,,0.10162493727698069,-0.2985380970743931,0.009833740654077161,-0.17009902947378175,-0.16946529962062032,0.22102237575178318,0.222115196668593,,-0.1451049800287003,-0.22819620406986826,-0.11855007574980264,,-0.005752272945534705,0.03854703361577459,0.31506466985049747,0.05265696861977275,,0.1717349346152811,,,0.35232101082959794,0.11048374729606171,-0.02841862099521787,,,,-0.28337759549221503,,0.2409683585973368,0.31249107489122796,0.2724296620832462,-0.07557869136903467,-0.011961388631760158,-0.17336313697498068,0.6992326508332732,-0.018340204789029174,0.6540241682066906,,-0.08611195392319415,,,,0.13059970217638803,0.2453794068419978,0.004922367509035558,
"Dividends to Policy Holders
(0FY, FY0, USD)",,,,,,,,,,,,,,,,,,,,,,,,,,,,,,,,,,,,,,,,,,,,,,,,,,,,,,,,,,,,,,,,,,,,,,,,,,,,,,,,,,,,,
"Policy Acquisition Costs - Total
(0FY, FY0, USD)",,,,,,,,,,,,,,,,,,,,,,,,,,,,,,,,,,,,,,,,,,,,,,,,,,,,,,,,,,,,,,,,,,,,,,,,,,,,,,,,,,,,,
"Policy Board Diversity
(0FY, FY0)",,0.09740453311761849,,,,-0.09046835805696826,0.1372924118413188,0.2383131253339499,-0.08676271336077497,0.14362090839047326,0.2361358414411649,0.2071438584473844,0.10550034376497386,0.11354787418859667,,,0.3831780223674067,-0.03407990882955019,-0.02499999999999982,-0.05096471914376254,0.06830963760163374,0.36273642942253265,-0.01867371771991161,-0.0204097864906451,-0.20938776621874358,,0.09951505103382766,,0.03922518556809414,,0.06858902654802952,0.0737711113563314,,-0.1919459676174092,-0.20866634469159048,,,1.0,,-0.05953542227562521,0.1654719081323243,0.29991180361414593,0.16547190813232437,0.16546827999234337,-0.10157490003667415,-0.10170537710579464,,0.062136976600119784,0.06804138174397709,0.05597170785495544,-0.023809523809524048,0.06804138174397704,0.0777065105494906,,-0.0586504165955486,,-0.13496352528379563,,,-0.24903253742594203,0.06213697660011983,0.09103070675860958,-0.023809523809524048,-0.023809523809524048,,0.20044593143431816,-0.023809523809524048,-0.034079908829550046,-0.09046835805696822,-0.0680413817439775,0.07938841860374439,0.023809523809523628,,-0.23590352639380324,0.099005069947562,-0.21412389377623645,,0.11079668255388095,,,,0.1550011318698213,0.12116761600576227,-0.09600307214746391,
"Policy Diversity and Opportunity
(0FY, FY0)",,,,,,,,,,,,,,,,,,,,,,,,,,,,,,,,,,,,,,,,,,,,,,,,,,,,,,,,,,,,,,,,,,,,,,,,,,,,,,,,,,,,,
"Policy Diversity and Opportunity Score
(0FY, FY0)",-0.2011827835527631,-0.29523822326602356,-0.5106216930882981,0.020556023892047862,0.2554680482960649,-0.03216543708182817,-0.26314850388834454,-0.2394322133134107,0.10104714014239734,-0.22190623459364633,-0.4729166686665167,-0.055083275570174874,-0.4521554624938303,-0.038387611628761975,-0.38953157309788883,,0.018756675240574422,-0.08521639405783818,0.33932652410750735,-0.13483914770245087,0.20891319750217996,0.13302948269120646,-0.038862773654563074,0.40254411101636906,0.076637699622148,-0.5508805709742512,-0.4606573307333578,,0.030036887012017042,,0.05622008054869456,-0.43573318805071526,,0.19158604189943998,0.10162493727698069,,,-0.05953542227562521,,1.0,-0.31101132422663597,0.2451692743170157,-0.19107845398440723,-0.18589146672851456,-0.12261069793332238,-0.10698130628957332,,-0.36701552155048256,-0.15533760487464884,-0.2364887001817973,-0.059535422275619525,-0.15673585129625345,-0.5191276906840318,-0.8739910321448318,-0.3974426582943889,,-0.29380578194777224,,,0.27337864310712723,-0.36701552155048384,-0.4448186302032092,-0.059535422275619525,-0.059535422275619525,,-0.24667844672853417,-0.059535422275619525,0.2012948842677739,-0.03216543708182746,-0.10423079197615062,-0.09812218582399046,0.05953542227562562,-0.29133081268387107,-0.06112775195929469,-0.4753752781846482,-0.06217859417678577,,-0.036294926929405044,,,,-0.16931025655285992,0.1078940671406052,-0.1858103734082578,
"Equal Pay for Equal Work
(0FY, FY0)",0.2791713812523363,0.41566892851160087,0.21781900563424786,0.10429457298090974,-0.2074452401461686,0.09443507923289587,0.2663780856520238,0.1404723487574027,0.026535814818525964,0.20693652309288474,0.2497981850325344,-0.17616322188482153,0.3608415663270279,0.2695994989547169,0.32176482880246565,,0.16272262462733647,0.23684923680605297,-0.1398757212360471,-0.2696799449852969,0.125167721095269,0.1020179191940303,0.18928610236923385,-0.15152689869161443,-0.3885311455076388,0.7265502601410516,0.38476153410700026,,-0.13545341494702626,,-0.11087301901994981,0.32600775435658147,,-0.3285857067415738,-0.2985380970743931,,,0.1654719081323243,,-0.31101132422663597,1.0,-0.021323100700240127,0.25217391304347825,0.2514118793007349,0.2998420245526775,0.29540138689508844,,0.24095465569817157,0.284900064810306,0.19280537607514542,0.16547190813232437,0.2849000648103059,0.2859876646349768,0.4388076730489784,0.05604940862544509,,-0.005958150333962427,,,0.03167906379355248,0.10639556225633554,0.36731958407022064,0.16547190813232437,0.16547190813232437,,0.15029828099123785,0.16547190813232437,0.015446689356916486,0.09443507923289589,0.22028355526570048,-0.09328856556355013,0.14388861576723858,-0.398832924037291,-0.16101165415241742,0.371949747963778,-0.00269783886102803,,-0.0038578561389585645,,,,0.3938087825097817,0.21847997527717644,0.14746177229048224,
"Equal Voting Rights
(0FY, FY0)",-0.23153959935712404,0.09623117022078649,0.043256373859315286,-0.17949521358894652,-0.02619322975649584,-0.039610589640219594,-0.0026770523591802156,0.16789673704848931,0.00915485142724857,0.15613475446450598,0.03836656825635753,0.255495152214335,-0.0076069240912260494,-0.015150251181169692,0.05576961122166632,,0.2877557846975817,0.15782375397470205,-0.07784989441615228,-0.14813363449166972,0.16649907656462318,0.26011685522649725,0.09812285648458474,-0.1681003488923526,-0.055609112657186446,-0.05352838735100496,-0.02026375435470222,,-0.0034126249251449038,,-0.03497443475654058,-0.04782867026529608,,0.11717719661314828,0.009833740654077161,,,0.29991180361414593,,0.2451692743170157,-0.021323100700240127,1.0,0.2079002318273405,0.20833215991308004,0.03473667371459377,0.029880894993875206,,-0.12277580147096846,-0.08282603134277662,0.1866272256725398,0.29991180361414577,-0.08282603134277662,-0.030440106050224257,-0.37630523811885014,-0.15168599491927492,,-0.3118409026974954,,,0.02844339740838949,0.04220418175564523,0.01555635912438817,0.29991180361414577,0.29991180361414577,,0.19527909875373292,0.29991180361414577,0.42928061081118973,-0.03961058964021962,0.08282603134277647,-0.016339869281045746,0.07938841860374445,0.037299671302753926,-0.04291371114531992,-0.011423483124182817,-0.017562602895836527,,0.07257203027022543,,,,0.17317909308665394,0.111315291209419,0.1896914650745543,
"Targets Diversity and Opportunity
(0FY, FY0)",-0.012917205218233828,0.45248047950836423,0.186268429115299,-0.18803165135945019,-0.030306286004229903,-0.01242566832011788,0.07860336953666273,0.1412540599529043,-0.06215970891575571,0.03813517465410857,0.13309168156117324,0.08251909380850121,0.41988297563345933,0.46267413712016814,0.2677370149454816,,-0.10639556225633542,0.2368492368060529,-0.13987572123604705,-0.08388269992021515,0.2959042207786479,-0.15711960364626057,0.19346069938302102,-0.19596913527300816,-0.11895452250494012,0.563386125951235,0.397006826307367,,-0.08404991537356979,,0.07645563078490122,0.2061929386528806,,-0.13310601537477101,-0.17009902947378175,,,0.16547190813232437,,-0.19107845398440723,0.25217391304347825,0.2079002318273405,1.0,0.9999780739823338,0.198320709152952,0.18732692228025546,,0.1063955622563355,0.03230825477230275,0.33825504574586934,0.16547190813232432,0.15860415979130438,0.32728825847937454,-0.018020273389507853,0.04400932232386352,,-0.08566483827111068,,,0.13328302075978557,0.24095465569817154,0.38685617302846537,0.16547190813232432,0.16547190813232432,,0.34321846256208055,0.16547190813232432,0.015446689356916428,-0.012425668320117808,0.09398765024669883,0.25054643322782055,0.14388861576723858,-0.14622962549125137,0.0017851796053911457,0.37637754092193015,0.11826055464555432,,0.21991198210957544,,,,0.27253378593622546,0.06848210725936207,0.25141023472475665,
"Targets Diversity and Opportunity Score
(0FY, FY0)",-0.015529048341690043,0.4509663308387214,0.18134959452047847,-0.18758152821991056,-0.02933717343893031,-0.011611459976810186,0.07797591580520287,0.13943144197847526,-0.06130726057109875,0.03752604192055218,0.13053303387006657,0.08161385362067797,0.41767404430207106,0.463251119550953,0.2664653040993634,,-0.1062010591025656,0.23684404364550254,-0.1371423777919788,-0.084808972385357,0.2979235572200392,-0.1564311699306686,0.1935995775827115,-0.1931207948403068,-0.118999695697402,0.5594566662131146,0.3948900712471766,,-0.08444033280098835,,0.07615461962873032,0.2039639446386963,,-0.13253110266832932,-0.16946529962062032,,,0.16546827999234337,,-0.18589146672851456,0.2514118793007349,0.20833215991308004,0.9999780739823338,1.0,0.19821970244917606,0.18732857058648295,,0.10472775329449169,0.03212717711555379,0.3367935634047832,0.16546827999234331,0.15733809737600674,0.3244662056792946,-0.019738984474282,0.04092858368531336,,-0.08755342960061814,,,0.13435699781450672,0.2396041802625881,0.38482467290055467,0.16546827999234331,0.16546827999234331,,0.3431190976133775,0.16546827999234331,0.017343524527767586,-0.011611459976810236,0.09446657417950982,0.24994077079119315,0.14462181530535964,-0.14753783290379846,0.0024103243744911006,0.37408767621372113,0.11869303572666176,,0.21961226862939212,,,,0.27287907778248127,0.07045235104029451,0.25155317610570477,
"Corporate Responsibility Awards
(0FY, FY0)",0.17718038898527336,0.3146929085331953,0.12174897440488275,0.007311713086490762,-0.3339824794038375,0.31038034040666246,0.17784699788264766,0.3193016528124945,0.351235043526934,0.30504250642639935,0.37272374569564204,-0.34800539429861715,0.4377554252757148,0.47377827633117525,0.4386568095457967,,0.3194618945287558,0.09506260074965504,-0.10170952554312175,-0.17407765595569796,0.20093656502969262,0.2747173836061439,0.02930626349368877,-0.1278829685130755,-0.2671411941642405,0.5077338985725752,0.36619230536425385,,-0.3599128472118943,,-0.16099009575633524,0.31471831698777736,,0.19664297728742083,0.22102237575178318,,,-0.10157490003667415,,-0.12261069793332238,0.2998420245526775,0.03473667371459377,0.198320709152952,0.19821970244917606,1.0,0.9993017761880385,,0.26508540184301044,0.15311180047019055,0.23878346647045964,0.23440361546924773,0.15311180047019057,0.28651709636521194,0.4388076730489784,-0.012138989373327413,,0.06072999412560327,,,0.2419463637867456,0.2650854018430104,0.38345638346869076,0.23440361546924773,0.23440361546924773,,0.017053905930970024,0.23440361546924773,0.33551506146937055,0.31038034040666246,0.5327014724692047,-0.28368283533584887,-0.23440361546924773,-0.19670879377407033,0.2364273988996737,0.3765031235274654,0.11047276407342961,,-0.015609278383043273,,,,0.5256151884691416,0.369078092055284,0.2677912597694948,
"Corporate Responsibility Awards Score
(0FY, FY0)",0.16671704852339136,0.30355178850158476,0.1018770544236167,0.019860920797183934,-0.3323009528775546,0.3057439974333187,0.17322853311497455,0.3293820918094814,0.3529277114045747,0.29917137928436605,0.3827825476773975,-0.35546281543138136,0.4306389347909716,0.47289199216718797,0.439185569766333,,0.31906363800545384,0.09485208886804081,-0.09162257719392201,-0.1761035630953209,0.20256225323718666,0.2770847858138379,0.029676843434319127,-0.11610628806174876,-0.26711216381808267,0.4990676166327378,0.3601660229801277,,-0.36086086809947066,,-0.16574413177916555,0.2998048681007324,,0.19068519370144957,0.222115196668593,,,-0.10170537710579464,,-0.10698130628957332,0.29540138689508844,0.029880894993875206,0.18732692228025546,0.18732857058648295,0.9993017761880385,1.0,,0.25252389087369176,0.1583289751297404,0.22979269172841257,0.2342399492833172,0.14542507328303564,0.27880356424829444,0.48551717640725245,-0.020480675676787016,,0.06308961785434686,,,0.2425707615652165,0.2525238908736917,0.3777858074496841,0.2342399492833172,0.2342399492833172,,0.012675745544303292,0.2342399492833172,0.3352807968641809,0.30574399743331865,0.5233983959614406,-0.28684943472030694,-0.23423994928331726,-0.2037276123047358,0.22518248730287732,0.37029734912757584,0.09840367090330993,,-0.02269289018158395,,,,0.5167799034846162,0.36935926844612316,0.25991510865051987,
"Diversity and Opportunity Controversies
(0FY, FY0)",,,,,,,,,,,,,,,,,,,,,,,,,,,,,,,,,,,,,,,,,,,,,,,,,,,,,,,,,,,,,,,,,,,,,,,,,,,,,,,,,,,,,
"Human Rights Board Oversight
(0FY, FY0)",0.16088911892996635,0.3146838695341064,0.05993154088141785,0.006528374946987953,-0.3048424115074595,0.2361000704007588,0.4525885718428285,-0.1276628411597127,0.22510658081907697,0.43722418941056124,-0.1234843567506469,-0.020539574337834276,0.4921452553850521,0.4638130658449341,0.7691943799871529,,0.16216216216216192,0.08894014489399045,0.0654653670707976,0.13483997249264829,-0.009696184249772925,0.03558437993624186,0.0617268836283606,0.02677606891605772,-0.06608166932465731,0.5508805709742512,0.4317129216908632,,-0.027345020992970086,,-0.03943070453138101,0.6698244069640465,,-0.12741281779276223,-0.1451049800287003,,,0.062136976600119784,,-0.36701552155048256,0.24095465569817157,-0.12277580147096846,0.1063955622563355,0.10472775329449169,0.26508540184301044,0.25252389087369176,,1.0,0.18602697279167504,0.4820387003935454,0.062136976600120034,0.5496251468844943,0.49141787735515,-0.20516089481577754,0.26738246655091996,,0.09653821850746816,,,-0.07574861400431454,0.6126126126126127,0.416408870278853,0.062136976600120034,0.062136976600120034,,0.3099937033168515,0.062136976600120034,0.08894014489399041,0.2361000704007588,0.17757120130114443,0.12277580147096821,-0.06213697660012004,0.4422001002557188,-0.04127090515356367,0.4307851514649192,-0.13185795731263447,,0.03296327864510196,,,,0.4604796168804259,0.13607279319021345,0.10091367928800152,
"Human Rights Identification
(0FY, FY0)",0.39828620980935653,0.43154228613331114,0.25692080331889416,7.482422626612959e-06,-0.4253809854195407,0.11415825323692882,0.11504875287827815,-0.18099149783208868,0.0686399862951021,0.07279579906862475,-0.11288001917279979,0.017279157139577193,0.4845329635676975,0.39911003648921006,0.4303609733425002,,0.17757120130114426,0.09739145163179626,-0.34846602621858475,0.14813363449166966,0.22233697013019976,0.04934590413792761,0.07236181205421993,-0.3251042472999331,-0.03906472852139005,,0.42572790486232776,,-0.070975896708084,,-0.01623589911453519,0.43669548640420486,,-0.3033464856955468,-0.22819620406986826,,,0.06804138174397709,,-0.15533760487464884,0.284900064810306,-0.08282603134277662,0.03230825477230275,0.03212717711555379,0.15311180047019055,0.1583289751297404,,0.18602697279167504,1.0,0.23307361127050974,0.06804138174397718,0.3174603174603174,0.2953830455699122,0.21076679688825578,0.02043958343872317,,0.1879585315937729,,,-0.15026116541894244,0.18602697279167504,0.4414715886638743,0.06804138174397718,0.06804138174397718,,-0.05152366852794266,0.06804138174397718,0.09739145163179627,0.11415825323692888,0.02380952380952381,0.08282603134277661,-0.06804138174397718,0.17707139311411366,-0.12614683539707527,0.42148631592552327,-0.205525571864285,,0.010520531407836218,,,,0.2612930214774817,0.2821989499178235,0.1339097244518935,
"Human Rights Responsibility
(0FY, FY0)",0.24494589749556894,0.6360298816343157,0.33096433028136324,-0.07172372135630366,-0.2801635968929956,0.2126740773058501,0.4076824574955175,-0.10817673731697217,0.20300965563393067,0.39447962729857167,-0.07158581290792744,-0.060745668211479024,0.7163177891088939,0.5195443681146359,0.7691943799871529,,0.14607233345258933,0.08011544943070567,-0.42426406871192857,0.12108986992412053,0.017609716109093204,0.052925485574196435,0.06813146303820501,-0.41105425164291476,-0.014003560156627815,0.6821228065890643,0.7145562876128612,,-0.01113309927930149,,0.1806335238224011,0.38586393643823325,,-0.10077771053373759,-0.11855007574980264,,,0.05597170785495544,,-0.2364887001817973,0.19280537607514542,0.1866272256725398,0.33825504574586934,0.3367935634047832,0.23878346647045964,0.22979269172841257,,0.4820387003935454,0.23307361127050974,1.0,0.055971707854955643,0.2330736112705098,0.33185652411809885,,-0.09660661650879171,,-0.1092795920238596,,,0.05965913794631448,0.27266835577816706,0.740366170499456,0.055971707854955643,0.055971707854955643,,0.1291466217232728,0.055971707854955643,0.0801154494307057,0.21267407730585014,0.15995247832289886,-0.008294543363224013,-0.05597170785495563,0.37027500079721715,-0.06629838634895391,0.7259454593739035,-0.12828489817244923,,0.2618164264159715,,,,0.4260432139911483,0.06250075831007257,0.2256851481114751,
"Human Rights Policy
(0FY, FY0)",,0.09913352700023993,,,,0.2631806779839075,0.137292411841319,,0.2796064877656965,0.1436209083904733,,0.11179796256706918,0.11736766982811683,0.1303869270721465,0.12502792346587377,,0.3831780223674065,0.6986381310057719,,,0.4563824970900912,0.36273642942253254,0.6765123919272023,,,,,,,,,0.07377111135633174,,,,,,-0.023809523809524048,,-0.059535422275619525,0.16547190813232437,0.29991180361414577,0.16547190813232432,0.16546827999234331,0.23440361546924773,0.2342399492833172,,0.062136976600120034,0.06804138174397718,0.055971707854955643,1.0,0.06804138174397718,,,,,,,,,0.062136976600120034,0.10289106554634644,1.0,1.0,,0.20044593143431827,1.0,0.6986381310057719,0.26318067798390754,0.3499271061118826,0.07938841860374447,0.023809523809523815,,,,,,0.11079652906162166,,,,0.5485181567325056,0.5500738536720358,0.24800793638094834,
"Human Rights Stakeholder Engagement
(0FY, FY0)",0.22884071240841009,0.24882707172892982,0.09006361901184952,0.001654615255406559,-0.33031465154393647,0.1141582532369289,0.11504875287827815,-0.22370919787595467,0.09754787400127303,0.09768404887249416,-0.30302312445104684,0.028523953908969096,0.47241374273388287,0.5195412534186007,0.6010210430811501,,-0.0042278857452654195,0.09739145163179629,0.07174300539794391,-0.10580973892262123,0.09865995250881686,-0.12165864523312676,0.052396637307919845,0.03877505762497848,-0.29504935096824175,0.9581394139602153,0.4224028530626945,,-0.03901540807062345,,-0.31420120032402155,0.43669548640420475,,0.0051856672528743895,-0.005752272945534705,,,0.06804138174397704,,-0.15673585129625345,0.2849000648103059,-0.08282603134277662,0.15860415979130438,0.15733809737600674,0.15311180047019057,0.14542507328303564,,0.5496251468844943,0.3174603174603174,0.2330736112705098,0.06804138174397718,1.0,0.5558823243798503,-0.20516089481577754,0.34425856408586314,,0.2726767894442946,,,0.1629731094212273,0.36782605983808475,0.40302801848812864,0.0680413817439772,0.0680413817439772,,0.07880090480744176,0.0680413817439772,0.09739145163179631,0.11415825323692887,0.023809523809523846,0.08282603134277657,-0.06804138174397718,0.025570202524864118,0.060463704676787036,0.415500078112922,0.12549156752187757,,-0.11585773300390642,,,,0.37543277750727094,0.3032475409638557,0.13390972445189345,
"Training Hours Total
(0FY, FY0)",0.12425015728279899,0.48836207505125107,0.49346115972359794,-0.06650710231392638,-0.3547816085078562,0.28376038757570554,0.38933846893996926,0.3100427885351737,0.2351991486747664,0.3710003086589139,0.3729874943557669,-0.05954442331494434,0.7058852678220532,0.6966684221108106,0.898419583156038,,0.17425757712279308,,-0.206158647324382,0.12707187394653718,0.2004691699224812,0.059620309044937154,-0.19451756614681684,-0.24528837535354334,-0.15025324713238924,0.6777687400828136,0.6938407244981772,,-0.06133426425987469,,-0.14343481459208168,0.5075428043886376,,-0.03831130843649563,0.03854703361577459,,,0.0777065105494906,,-0.5191276906840318,0.2859876646349768,-0.030440106050224257,0.32728825847937454,0.3244662056792946,0.28651709636521194,0.27880356424829444,,0.49141787735515,0.2953830455699122,0.33185652411809885,,0.5558823243798503,1.0,0.5451090667871433,0.6247996621406684,,0.41026034426802244,,,-0.10953115027029409,0.5344737098974416,0.6328156741621438,,,,0.08917981571068771,,0.0935246305928251,0.28376038757570554,0.21257633103781307,-0.11204336009690272,,-0.026782472180717436,-0.0030507002886018407,0.6976312975426852,0.10616922668521289,,0.0043837381818906986,,,,0.5340346475417399,0.24533613914201624,0.28485978863958034,
"Employee Health & Safety Training Hours
(0FY, FY0)",-0.6338144106949988,-0.05069877592206404,-0.11081976542703036,0.5121702442341107,-0.5300779706873927,,0.2027423569153284,0.7392117897108177,-0.8984553905277896,0.019928601251421423,0.9134614536876303,0.2095300890459134,0.8202533070869829,0.9092301638308233,1.0,,,,,,0.25785539824664205,0.831742726157687,-0.5493788468441595,-0.31644402027071095,-0.3185645720926631,1.0000000000000002,0.9061977420206395,,0.15565270883833945,,-0.5003499946526635,-0.37069933604637184,,-0.4162306138539191,0.31506466985049747,,,,,-0.8739910321448318,0.4388076730489784,-0.37630523811885014,-0.018020273389507853,-0.019738984474282,0.4388076730489784,0.48551717640725245,,-0.20516089481577754,0.21076679688825578,,,-0.20516089481577754,0.5451090667871433,1.0,0.2982316954625165,,0.7246992824759768,,,-0.7286434526821606,-0.01802027338950792,0.8933599569105287,,,,0.2027423569153284,,,,,-0.43194187323618716,,,-0.48618306885930224,0.9130649440819504,0.9447217837507985,,-0.28848038705761603,,,,0.30247880124241583,0.2892214628621441,0.43194187323618705,
"Average Training Hours
(0FY, FY0)",0.07312180968216335,-0.03762990844775987,0.3284985617329653,0.12048111559823659,0.10374092403344871,0.14717151995303424,0.15571293570632871,0.21056403469574184,0.06886054449457753,0.17663835205660408,0.2447436713453332,0.07248506002230833,0.09089925948996096,0.19799168669047001,-0.02084704412877167,,-0.13342045714558184,,0.050311209748704185,0.01874906885637707,-0.06942334079703578,-0.19926973822411378,-0.23803603538285378,-0.04256046853856629,-0.19780286059004082,0.3706412978218462,0.06428270600564752,,-0.05598379584764105,,-0.4329740915560081,0.18876367563007504,,0.027813501521653898,0.05265696861977275,,,-0.0586504165955486,,-0.3974426582943889,0.05604940862544509,-0.15168599491927492,0.04400932232386352,0.04092858368531336,-0.012138989373327413,-0.020480675676787016,,0.26738246655091996,0.02043958343872317,-0.09660661650879171,,0.34425856408586314,0.6247996621406684,0.2982316954625165,1.0,,0.8590192107900458,,,-0.1453303841863943,0.2675746567947573,0.004355479493378386,,,,0.0697379912361532,,-0.29712071882325614,0.14717151995303424,0.09428745431145483,0.01980298226571934,,-0.2997212153117109,0.09548925763795377,0.07194618539454475,0.27298113645621086,,-0.3313403685176638,,,,0.10530344629822137,0.08945439476030179,0.14227236812115013,
"Employee Health & Safety Training Hours Score
(0FY, FY0)",,,,,,,,,,,,,,,,,,,,,,,,,,,,,,,,,,,,,,,,,,,,,,,,,,,,,,,,,,,,,,,,,,,,,,,,,,,,,,,,,,,,,
"Average Training Hours Score
(0FY, FY0)",0.11398481351143644,-0.13756457786673532,0.16095676650719337,0.3074790834124211,0.14232862195318952,0.21281377909632743,0.08501678763390598,0.06602104706779285,0.10846759622940064,0.10713615632736984,0.16083152286322563,-0.015250166428502642,0.06122135870354794,0.13299739112096554,0.05057156529168602,,-0.191662710873584,,0.07606876647119562,-0.048045385631748136,-0.13273119391587887,-0.24885151720237073,-0.25947338609855036,-0.019773348115359236,-0.2717556240152665,0.3570784615304916,0.03515591119131115,,-0.1057794616392389,,-0.5729264337456212,0.018543172673113503,,0.07613693872338989,0.1717349346152811,,,-0.13496352528379563,,-0.29380578194777224,-0.005958150333962427,-0.3118409026974954,-0.08566483827111068,-0.08755342960061814,0.06072999412560327,0.06308961785434686,,0.09653821850746816,0.1879585315937729,-0.1092795920238596,,0.2726767894442946,0.41026034426802244,0.7246992824759768,0.8590192107900458,,1.0,,,-0.013688223665234506,0.11511396144990509,-0.00018002564398834304,,,,0.028227692314221876,,-0.3142473931079537,0.21281377909632734,0.15106183894555114,0.030517257739071685,,-0.3818686071985355,0.18285083082442735,0.04017293781978098,0.3895348737385372,,-0.4390468248088242,,,,0.0662266512712618,0.20586027375808713,0.17333926827696688,
"Hours Flown - Number - Total
(0FY, FY0)",,,,,,,,,,,,,,,,,,,,,,,,,,,,,,,,,,,,,,,,,,,,,,,,,,,,,,,,,,,,,,,,,,,,,,,,,,,,,,,,,,,,,
"Remaining Mine Life -Years - Total
(0FY, FY0)",,,,,,,,,,,,,,,,,,,,,,,,,,,,,,,,,,,,,,,,,,,,,,,,,,,,,,,,,,,,,,,,,,,,,,,,,,,,,,,,,,,,,
"Turnover of Employees
(0FY, FY0)",0.0020368082857130407,0.004029659010838309,-0.1330681286154138,-0.23007960759689414,-0.14741916043425632,-0.02062939757671303,0.031997801921759945,-0.5170905566528191,0.006283677006155044,0.07802364765526161,-0.5688867183379382,-0.3052087625853842,0.021395908561218015,0.03627084818044036,0.2491749000906868,,0.0382773498748881,,0.09443191727516284,-0.4335013271056971,-0.10264221345981091,0.0804822181565169,-0.19395687418748564,0.04127682811111654,-0.3011994207436221,0.4118337446450146,0.045811331244916924,,-0.3035991366703203,,-0.09926749778974177,-0.20614836417670493,,0.3629601065546503,0.35232101082959794,,,-0.24903253742594203,,0.27337864310712723,0.03167906379355248,0.02844339740838949,0.13328302075978557,0.13435699781450672,0.2419463637867456,0.2425707615652165,,-0.07574861400431454,-0.15026116541894244,0.05965913794631448,,0.1629731094212273,-0.10953115027029409,-0.7286434526821606,-0.1453303841863943,,-0.013688223665234506,,,1.0,-0.17073220682155463,0.06106689216491696,,,,-0.16021418680954586,,0.07386074895737534,-0.020629397576713046,0.14807125312053365,-0.18713745509593943,,-0.7848307743260727,0.3922764332984684,0.03818088488644271,0.29148668758831386,,-0.12834417372996287,,,,-0.022982848635420855,-0.03658538513865875,0.09154647528176478,
"Employee Safety Initiative Participation
(0FY, FY0)",-0.1566300384230628,0.3895282038153835,0.035696552267364096,-0.06303045317180973,-0.3160776585207224,0.2361000704007588,0.3174405955286506,-0.14204026339479023,0.22510658081907692,0.30129492134290947,-0.14003133816924257,-0.06661105557126651,0.4472974460182878,0.627264225936618,0.6800030967464995,,0.162162162162162,0.08894014489399044,0.06546536707079759,0.13483997249264826,0.06481461852815776,0.01805365213175843,0.014442803665577795,-0.02464584199472794,-0.11787259585648108,0.5508805709742512,0.45295029002696774,,-0.019890759690028875,,-0.10282385990678959,0.6698244069640465,,0.11371980141474786,0.11048374729606171,,,0.06213697660011983,,-0.36701552155048384,0.10639556225633554,0.04220418175564523,0.24095465569817154,0.2396041802625881,0.2650854018430104,0.2525238908736917,,0.6126126126126127,0.18602697279167504,0.27266835577816706,0.062136976600120034,0.36782605983808475,0.5344737098974416,-0.01802027338950792,0.2675746567947573,,0.11511396144990509,,,-0.17073220682155463,1.0,0.43787412093029965,0.062136976600120034,0.062136976600120034,,0.1711423570395117,0.062136976600120034,0.0889401448939904,0.23610007040075875,0.17757120130114437,-0.04220418175564533,-0.06213697660012004,0.4108744726664041,0.07770985233335927,0.4557726342475961,0.1207412538154243,,0.19402097388878303,,,,0.3631151290479373,0.21049885071964763,0.2505443071977969,
"Number of Employees
(0FY, FY0)",0.2987168482366436,0.841390015003843,0.4663202038789145,-0.18754323309964044,-0.5691524482856747,0.33158103272241884,0.41734536478261763,0.12334229905419153,0.2935737372224162,0.36439208281484003,0.22859853833648394,-0.13132680736602123,0.9933742039629885,0.9897612031353559,0.999036645903285,,0.24323960533677225,0.14702816752382605,-0.468065012871162,0.18889987667371144,0.13290628595719878,0.10234043962426276,0.11045104439852242,-0.44887215993515206,-0.05250378419815142,0.9547862999200802,0.9961736772793182,,-0.014337880909853625,,0.17368348811763357,0.525075584105272,,-0.0973253739879778,-0.02841862099521787,,,0.09103070675860958,,-0.4448186302032092,0.36731958407022064,0.01555635912438817,0.38685617302846537,0.38482467290055467,0.38345638346869076,0.3777858074496841,,0.416408870278853,0.4414715886638743,0.740366170499456,0.10289106554634644,0.40302801848812864,0.6328156741621438,0.8933599569105287,0.004355479493378386,,-0.00018002564398834304,,,0.06106689216491696,0.43787412093029965,1.0,0.10289106554634643,0.10289106554634643,,0.012718921788821325,0.10289106554634643,0.15357266475093093,0.33158103272241896,0.25335461405719106,-0.1325057500308509,-0.0806835323518931,0.13303735799547878,-0.0068769063514948344,0.9957072482171042,-0.04929091404226275,,0.3520927411117412,,,,0.5351318391594793,0.1477381457635581,0.31968298943097906,
"Health & Safety Policy
(0FY, FY0)",,0.09913352700023993,,,,0.2631806779839075,0.137292411841319,,0.2796064877656965,0.1436209083904733,,0.11179796256706918,0.11736766982811683,0.1303869270721465,0.12502792346587377,,0.3831780223674065,0.6986381310057719,,,0.4563824970900912,0.36273642942253254,0.6765123919272023,,,,,,,,,0.07377111135633174,,,,,,-0.023809523809524048,,-0.059535422275619525,0.16547190813232437,0.29991180361414577,0.16547190813232432,0.16546827999234331,0.23440361546924773,0.2342399492833172,,0.062136976600120034,0.06804138174397718,0.055971707854955643,1.0,0.0680413817439772,,,,,,,,,0.062136976600120034,0.10289106554634643,1.0,1.0,,0.20044593143431827,1.0,0.6986381310057719,0.26318067798390754,0.3499271061118826,0.07938841860374447,0.023809523809523815,,,,,,0.11079652906162166,,,,0.5485181567325056,0.5500738536720358,0.24800793638094834,
"Policy Employee Health & Safety
(0FY, FY0)",,0.09913352700023993,,,,0.2631806779839075,0.137292411841319,,0.2796064877656965,0.1436209083904733,,0.11179796256706918,0.11736766982811683,0.1303869270721465,0.12502792346587377,,0.3831780223674065,0.6986381310057719,,,0.4563824970900912,0.36273642942253254,0.6765123919272023,,,,,,,,,0.07377111135633174,,,,,,-0.023809523809524048,,-0.059535422275619525,0.16547190813232437,0.29991180361414577,0.16547190813232432,0.16546827999234331,0.23440361546924773,0.2342399492833172,,0.062136976600120034,0.06804138174397718,0.055971707854955643,1.0,0.0680413817439772,,,,,,,,,0.062136976600120034,0.10289106554634643,1.0,1.0,,0.20044593143431827,1.0,0.6986381310057719,0.26318067798390754,0.3499271061118826,0.07938841860374447,0.023809523809523815,,,,,,0.11079652906162166,,,,0.5485181567325056,0.5500738536720358,0.24800793638094834,
"Part Time Employees
(0FY, FY0)",,,,,,,,,,,,,,,,,,,,,,,,,,,,,,,,,,,,,,,,,,,,,,,,,,,,,,,,,,,,,,,,,,,,,,,,,,,,,,,,,,,,,
"Policy Supply Chain Health & Safety
(0FY, FY0)",-0.1483210357459862,-0.11116845434159026,-0.25266097704208573,0.4169644779555981,0.13515334193995132,-0.010257624248277844,0.20052370111997025,0.2904640781045405,-0.09256089368060512,0.23014041915375788,0.3222384177411385,0.10922115119174125,-0.0005051211743464387,-0.07734321982744642,0.21089981118042056,,-0.032291010762172195,0.28690952087850224,0.21957751641342008,-0.017436851272653965,0.22300961321875862,-0.07659932840795011,0.2389399000819626,0.10862901464849503,-0.03216521635401835,0.03177624209719394,0.013465469028566763,,-0.20705580021123726,,-0.3020532526557957,0.12076147288491197,,-0.27706041656116376,-0.28337759549221503,,,0.20044593143431816,,-0.24667844672853417,0.15029828099123785,0.19527909875373292,0.34321846256208055,0.3431190976133775,0.017053905930970024,0.012675745544303292,,0.3099937033168515,-0.05152366852794266,0.1291466217232728,0.20044593143431827,0.07880090480744176,0.08917981571068771,0.2027423569153284,0.0697379912361532,,0.028227692314221876,,,-0.16021418680954586,0.1711423570395117,0.012718921788821325,0.20044593143431827,0.20044593143431827,,1.0,0.20044593143431827,0.05844453203080592,-0.010257624248277837,0.05152366852794264,0.39605901719066977,0.11878277418329974,0.27804996638512736,0.1172815877071278,-0.012130108011267017,-0.04482647030054362,,-0.10286787067255268,,,,0.2553224927940647,0.23347485852531932,0.0573739159252197,
"Policy Skills Training
(0FY, FY0)",,0.09913352700023993,,,,0.2631806779839075,0.137292411841319,,0.2796064877656965,0.1436209083904733,,0.11179796256706918,0.11736766982811683,0.1303869270721465,0.12502792346587377,,0.3831780223674065,0.6986381310057719,,,0.4563824970900912,0.36273642942253254,0.6765123919272023,,,,,,,,,0.07377111135633174,,,,,,-0.023809523809524048,,-0.059535422275619525,0.16547190813232437,0.29991180361414577,0.16547190813232432,0.16546827999234331,0.23440361546924773,0.2342399492833172,,0.062136976600120034,0.06804138174397718,0.055971707854955643,1.0,0.0680413817439772,,,,,,,,,0.062136976600120034,0.10289106554634643,1.0,1.0,,0.20044593143431827,1.0,0.6986381310057719,0.26318067798390754,0.3499271061118826,0.07938841860374447,0.023809523809523815,,,,,,0.11079652906162166,,,,0.5485181567325056,0.5500738536720358,0.24800793638094834,
"Policy Career Development
(0FY, FY0)",,0.14438785081353722,,-0.2614125390590373,-0.35725576953532384,0.37670528747840876,0.19651434089872877,,0.4002164716706345,0.20557267348650735,,0.07751549852997747,0.17483690819736333,0.19853731433608143,0.18772448635415254,,0.5484642268462739,0.47560975609756095,-0.02500000000000005,,0.4275860200943387,0.5192050266428069,0.4722814653245362,0.012247120249460905,,,0.11764259232352896,,-0.010398625731651635,,,0.10559273546969092,,0.2378559620775698,0.2409683585973368,,,-0.034079908829550046,,0.2012948842677739,0.015446689356916486,0.42928061081118973,0.015446689356916428,0.017343524527767586,0.33551506146937055,0.3352807968641809,,0.08894014489399041,0.09739145163179627,0.0801154494307057,0.6986381310057719,0.09739145163179631,0.0935246305928251,,-0.29712071882325614,,-0.3142473931079537,,,0.07386074895737534,0.0889401448939904,0.15357266475093093,0.6986381310057719,0.6986381310057719,,0.05844453203080592,0.6986381310057719,1.0,0.3767052874784088,0.5008703226778093,-0.15782375397470214,0.034079908829549845,,0.1594929933365544,0.1191297166077139,,,0.15859067143362585,,,,0.5864404966794259,0.5707994548498057,0.3549876901564358,
"Employees Health & Safety Team
(0FY, FY0).1",0.15087767754851877,0.28248320572723407,0.1578120592404523,0.07704348252703674,-0.06094787866051939,1.0,0.41433758936226467,0.22488426645344267,0.9328292793874365,0.43776332783429517,0.40364519525375375,-0.04101793109757453,0.39799503163920186,0.3955054719322423,0.4001842879086555,,0.0715454758790177,0.12360642245385284,-0.08980265101338747,-0.12108986992412071,0.2887192479990502,0.08605048538294992,0.13594032901950936,-0.03160131149796664,-0.2580697690876528,0.2782056367473048,0.308046828794721,,-0.10443451656150281,,-0.010715994370186097,0.14333827259183218,,0.27155813939520546,0.31249107489122796,,,-0.09046835805696822,,-0.03216543708182746,0.09443507923289589,-0.03961058964021962,-0.012425668320117808,-0.011611459976810236,0.31038034040666246,0.30574399743331865,,0.2361000704007588,0.11415825323692888,0.21267407730585014,0.26318067798390754,0.11415825323692887,0.28376038757570554,,0.14717151995303424,,0.21281377909632734,,,-0.020629397576713046,0.23610007040075875,0.33158103272241896,0.26318067798390754,0.26318067798390754,,-0.010257624248277837,0.26318067798390754,0.3767052874784088,1.0,0.4633482043145934,-0.22242869567200238,-0.26318067798390765,-0.005864734388944891,0.36420324356300693,0.3162349527021698,0.16311691846143192,,0.16190802962271328,,,,0.6041270428936022,0.48075209089070553,0.34819917952473817,
"Health & Safety Training
(0FY, FY0)",0.11994902855554683,0.2282536177564308,0.10500348028105769,-0.09079265275472947,-0.33222560193803274,0.4633482043145934,0.39234574699515373,0.13673205164432073,0.34675169116482213,0.4104309322769447,0.4156844984738062,-0.2510281734210746,0.29933820434961833,0.2908329780216445,0.2874588808492894,,0.3678260598380843,0.20173943552300652,-0.06546536707079795,-0.09090909090909112,0.2109212790350974,0.3112647662760357,0.16672879508381408,-0.1000681731751106,-0.1495295365551246,0.28534404542327957,0.24259357362264367,,-0.09499222699819745,,-0.1464610119830335,0.21081851067789198,,0.2456787359216939,0.2724296620832462,,,-0.0680413817439775,,-0.10423079197615062,0.22028355526570048,0.08282603134277647,0.09398765024669883,0.09446657417950982,0.5327014724692047,0.5233983959614406,,0.17757120130114443,0.02380952380952381,0.15995247832289886,0.3499271061118826,0.023809523809523846,0.21257633103781307,,0.09428745431145483,,0.15106183894555114,,,0.14807125312053365,0.17757120130114437,0.25335461405719106,0.3499271061118826,0.3499271061118826,,0.05152366852794264,0.3499271061118826,0.5008703226778093,0.4633482043145934,1.0,-0.2376746986357935,0.06804138174397716,-0.22349229480861785,0.3189363792931988,0.24823344668851782,0.22818573770230913,,-0.010519199010404726,,,,0.5179849661572496,0.42804534232414254,0.4278579000780011,
"Supply Chain Health & Safety Training
(0FY, FY0)",0.338875174111722,-0.14784289236765394,-0.055548104266733365,0.20250447514087594,0.390344166127848,-0.22242869567200238,-0.11243619908556621,-0.3177195729463136,-0.2536347078666522,-0.1315409786311887,-0.345667477332293,0.39998592654107085,-0.12777537101361933,-0.049296830669397766,-0.1270091598384883,,-0.28775578469758173,0.11363310286178553,0.08385254915624213,0.14813363449166975,0.10374751502262025,-0.30337798580497616,0.12709299188330325,0.05579497881431989,0.1521184900408282,-0.28534404542327957,-0.12521388416241047,,-0.003952918591842656,,-0.06562392017094312,0.19473101465156215,,-0.06093032582293594,-0.07557869136903467,,,0.07938841860374439,,-0.09812218582399046,-0.09328856556355013,-0.016339869281045746,0.25054643322782055,0.24994077079119315,-0.28368283533584887,-0.28684943472030694,,0.12277580147096821,0.08282603134277661,-0.008294543363224013,0.07938841860374447,0.08282603134277657,-0.11204336009690272,-0.43194187323618716,0.01980298226571934,,0.030517257739071685,,,-0.18713745509593943,-0.04220418175564533,-0.1325057500308509,0.07938841860374447,0.07938841860374447,,0.39605901719066977,0.07938841860374447,-0.15782375397470214,-0.22242869567200238,-0.2376746986357935,1.0,0.2999118036141458,0.23564391041000457,-0.1487406147108665,-0.1352990978003787,-0.054859480219442425,,-0.1385139625345863,,,,-0.037649126234361986,0.11416122001894237,-0.18969146507455428,
"Supply Chain Health & Safety Improvements
(0FY, FY0)",,-0.06679970551804959,,-0.036207095358640466,0.0584963623967006,-0.26318067798390765,0.17342199390482405,,-0.2796064877656965,0.16888974032959786,,0.04635579039254377,-0.09547642249787586,-0.09093053393341671,-0.0937601730429121,,0.06213697660011983,0.03407990882954986,0.024999999999999942,,-0.04648053925540776,0.021934363434758814,0.0346127290522084,-0.0021678280457243775,,,,,0.023113976727640304,,,-0.0737711113563318,,-0.0011019536071405398,-0.011961388631760158,,,0.023809523809523628,,0.05953542227562562,0.14388861576723858,0.07938841860374445,0.14388861576723858,0.14462181530535964,-0.23440361546924773,-0.23423994928331726,,-0.06213697660012004,-0.06804138174397718,-0.05597170785495563,0.023809523809523815,-0.06804138174397718,,,,,,,,,-0.06213697660012004,-0.0806835323518931,0.023809523809523815,0.023809523809523815,,0.11878277418329974,0.023809523809523815,0.034079908829549845,-0.26318067798390765,0.06804138174397716,0.2999118036141458,1.0,-0.2743431705238817,-0.3160648103341753,,,,-0.045215037107310625,,,,-0.08408546611265467,-0.04387446356307176,-0.2480079363809484,
"Employee Satisfaction
(0FY, FY0)",-0.4074409852387479,0.11650095963667358,-0.39823407852289233,0.36300671266710693,0.1894862990341641,-0.005864734388944891,-0.19734319490352675,-0.29825133356530653,-0.006483324419475225,-0.2113810785092211,-0.1985498510010519,0.04352500203689117,0.20142333739850693,0.052662078790832,0.2949547181341787,,-0.2795887484293468,,,0.7044423746782813,-0.07598562887582626,-0.30297758264719343,0.16113156111123192,0.041845982335980525,0.6276440912893076,-0.2065670478606145,0.08592588911971498,,-0.027611934361671794,,0.2476408812408174,0.399974097107321,,-0.17249720380943218,-0.17336313697498068,,,,,-0.29133081268387107,-0.398832924037291,0.037299671302753926,-0.14622962549125137,-0.14753783290379846,-0.19670879377407033,-0.2037276123047358,,0.4422001002557188,0.17707139311411366,0.37027500079721715,,0.025570202524864118,-0.026782472180717436,,-0.2997212153117109,,-0.3818686071985355,,,-0.7848307743260727,0.4108744726664041,0.13303735799547878,,,,0.27804996638512736,,,-0.005864734388944891,-0.22349229480861785,0.23564391041000457,-0.2743431705238817,1.0,-0.16526201550398079,0.09665439949029334,-0.4089553093109231,,0.4315683101198195,,,,-0.09142405316596562,-0.1951327861236212,-0.12315914066115631,
"Women Employees
(0FY, FY0)",-0.040413545172594316,-0.0970265547931576,-0.0832240262328311,0.05609751733102011,0.07334115926431181,0.36420324356300693,0.04213618417446575,-0.26835981581660834,0.18143367564280335,0.1196016705083343,-0.17520147319928284,-0.15624723849580083,0.005328147373886248,-0.01579662580310363,0.040037658229937254,,-0.1334845564197402,,0.039761603867786,-0.38887667009270505,0.07761995437541165,-0.08836250147666529,-0.198557930989068,-0.03950670156177619,-0.27270101685989395,-0.33289113601194786,-0.03908324683289625,,-0.34456818227273506,,-0.22472753943305843,-0.010014441669326524,,0.6804304869663413,0.6992326508332732,,,-0.23590352639380324,,-0.06112775195929469,-0.16101165415241742,-0.04291371114531992,0.0017851796053911457,0.0024103243744911006,0.2364273988996737,0.22518248730287732,,-0.04127090515356367,-0.12614683539707527,-0.06629838634895391,,0.060463704676787036,-0.0030507002886018407,-0.48618306885930224,0.09548925763795377,,0.18285083082442735,,,0.3922764332984684,0.07770985233335927,-0.0068769063514948344,,,,0.1172815877071278,,0.1594929933365544,0.36420324356300693,0.3189363792931988,-0.1487406147108665,-0.3160648103341753,-0.16526201550398079,1.0,-0.02818826929527792,0.8066330608219384,,-0.02383457326960748,,,,0.2069993950647858,0.2565700879337395,0.14091615456899217,
"Number of Employees  from CSR reporting
(0FY, FY0)",0.2948741458790301,0.8255272101926625,0.49241221455157513,-0.17382452861237865,-0.5615451300585091,0.3162349527021698,0.454186388592289,0.16745182957549554,0.27090385870233136,0.4302454779574393,0.27701357967681883,-0.14160273237454452,0.9968484778601008,0.9967217961673073,0.9963942643941531,,0.23456175658156175,,-0.4568929324107057,0.1906182639946853,0.07662413282853224,0.09025812034100701,-0.13728554080170258,-0.44305139227710616,-0.06102322087433033,0.9756079675511414,0.9992753302993687,,-0.038401861343130284,,0.17298161664278242,0.5360617841266081,,-0.09695561854508385,-0.018340204789029174,,,0.099005069947562,,-0.4753752781846482,0.371949747963778,-0.011423483124182817,0.37637754092193015,0.37408767621372113,0.3765031235274654,0.37029734912757584,,0.4307851514649192,0.42148631592552327,0.7259454593739035,,0.415500078112922,0.6976312975426852,0.9130649440819504,0.07194618539454475,,0.04017293781978098,,,0.03818088488644271,0.4557726342475961,0.9957072482171042,,,,-0.012130108011267017,,0.1191297166077139,0.3162349527021698,0.24823344668851782,-0.1352990978003787,,0.09665439949029334,-0.02818826929527792,1.0,-0.032336268297184875,,0.3288889401453833,,,,0.5813139227770211,0.11435537199581837,0.30595210957019264,
"New Women Employees
(0FY, FY0)",-0.26442249012608704,-0.1558268587936355,-0.19711090714176896,0.16636012779130402,0.25465964225555515,0.16311691846143192,-0.1631691027797419,-0.5372798861230595,-0.12095671392307693,-0.07369163518060905,-0.5491244518320176,0.010898823167278925,-0.032918389144274834,0.05844354920308479,-0.07520814243581038,,-0.15273380324090632,,0.20499814549783174,-0.27573039211542305,0.12799803215910013,-0.08601806976290084,-0.2342505787563847,0.11203621620734351,-0.1872869508646088,0.2603203096292761,-0.03564627585991967,,-0.10156214972028245,,-0.3497677241843688,-0.1395554835145909,,0.6542213415695108,0.6540241682066906,,,-0.21412389377623645,,-0.06217859417678577,-0.00269783886102803,-0.017562602895836527,0.11826055464555432,0.11869303572666176,0.11047276407342961,0.09840367090330993,,-0.13185795731263447,-0.205525571864285,-0.12828489817244923,,0.12549156752187757,0.10616922668521289,0.9447217837507985,0.27298113645621086,,0.3895348737385372,,,0.29148668758831386,0.1207412538154243,-0.04929091404226275,,,,-0.04482647030054362,,,0.16311691846143192,0.22818573770230913,-0.054859480219442425,,-0.4089553093109231,0.8066330608219384,-0.032336268297184875,1.0,,-0.0969898901930534,,,,0.08919326545178984,0.33914619811990604,-0.03684942717333901,
ESG Coverage Flag,,,,,,,,,,,,,,,,,,,,,,,,,,,,,,,,,,,,,,,,,,,,,,,,,,,,,,,,,,,,,,,,,,,,,,,,,,,,,1.0,0.10295373861608018,,,,,,,
ESG Information Issuer Organization,0.009686048252607151,0.48721900094048576,0.14468336211115862,-0.22580877540857397,-0.17642709123702566,0.16190802962271328,0.2253024961083475,0.20906935200072316,0.13461117988634566,0.08586258413003584,0.22799343110495188,0.13696919693773998,0.3419073237410163,0.07454231130656402,0.30911742594693864,,0.2627417800784727,0.1585892932967061,-0.2574875346477258,0.23057104249129376,0.366692616503163,0.30306835467195226,0.2764892977947587,-0.05935901534475452,0.22581462195703617,0.12070627232792241,0.30198815848705757,,0.034498811438191605,,0.708790802952474,0.11247747225062021,,-0.06344079251193442,-0.08611195392319415,,,0.11079668255388095,,-0.036294926929405044,-0.0038578561389585645,0.07257203027022543,0.21991198210957544,0.21961226862939212,-0.015609278383043273,-0.02269289018158395,,0.03296327864510196,0.010520531407836218,0.2618164264159715,0.11079652906162166,-0.11585773300390642,0.0043837381818906986,-0.28848038705761603,-0.3313403685176638,,-0.4390468248088242,,,-0.12834417372996287,0.19402097388878303,0.3520927411117412,0.11079652906162166,0.11079652906162166,,-0.10286787067255268,0.11079652906162166,0.15859067143362585,0.16190802962271328,-0.010519199010404726,-0.1385139625345863,-0.045215037107310625,0.4315683101198195,-0.02383457326960748,0.3288889401453833,-0.0969898901930534,0.10295373861608018,1.0,,,,0.11195210410761573,-0.1438889012385751,-0.09337834972525207,
ESG-Environmental,,,,,,,,,,,,,,,,,,,,,,,,,,,,,,,,,,,,,,,,,,,,,,,,,,,,,,,,,,,,,,,,,,,,,,,,,,,,,,,,,,,,,
ESG-Governance,,,,,,,,,,,,,,,,,,,,,,,,,,,,,,,,,,,,,,,,,,,,,,,,,,,,,,,,,,,,,,,,,,,,,,,,,,,,,,,,,,,,,
ESG-Social,,,,,,,,,,,,,,,,,,,,,,,,,,,,,,,,,,,,,,,,,,,,,,,,,,,,,,,,,,,,,,,,,,,,,,,,,,,,,,,,,,,,,
"ESG Score
(0FY, FY0)",0.2960495301787684,0.4814095179270183,0.36661564609739533,0.039946697238077145,-0.23220695901029306,0.6041270428936022,0.4549752184763138,0.1061171634818894,0.5416040305861374,0.48577605195674506,0.189059790779935,-0.0109453287280477,0.5956015522119092,0.629380236579484,0.558380707568091,,0.3906659909615426,0.38393255661647263,-0.21672129387389774,-0.010898649728592651,0.5135650382451439,0.3371972423190251,0.36532931706104593,-0.20417122010493174,-0.20182417894632748,0.6574107438504879,0.5843943304057124,,-0.19267092053432794,,0.024795914814056665,0.4424824915567799,,0.139743458310726,0.13059970217638803,,,0.1550011318698213,,-0.16931025655285992,0.3938087825097817,0.17317909308665394,0.27253378593622546,0.27287907778248127,0.5256151884691416,0.5167799034846162,,0.4604796168804259,0.2612930214774817,0.4260432139911483,0.5485181567325056,0.37543277750727094,0.5340346475417399,0.30247880124241583,0.10530344629822137,,0.0662266512712618,,,-0.022982848635420855,0.3631151290479373,0.5351318391594793,0.5485181567325056,0.5485181567325056,,0.2553224927940647,0.5485181567325056,0.5864404966794259,0.6041270428936022,0.5179849661572496,-0.037649126234361986,-0.08408546611265467,-0.09142405316596562,0.2069993950647858,0.5813139227770211,0.08919326545178984,,0.11195210410761573,,,,1.0,0.783243543145831,0.4610396756990289,
"ESG Combined Score
(0FY, FY0)",0.11794394786954303,0.08609316876853719,-0.059538297093958456,0.38327634488847073,0.13531462425713855,0.48075209089070553,0.17567768666214945,-0.2634349181763416,0.42122173947372366,0.21236200200045594,-0.24728986380900683,0.06301957930687266,0.21401147878469592,0.5354024048164802,0.18674385753384573,,0.3011234510256952,0.35007985904513406,0.11192914838122034,-0.14106432831354326,0.5694658164138889,0.29687641653522523,0.3333908306790032,0.10486291496103849,-0.2760466968625245,0.01634254672720244,0.12120695535063684,,-0.24836550944712552,,-0.34461007695203844,0.21805444961855364,,0.23053264466489246,0.2453794068419978,,,0.12116761600576227,,0.1078940671406052,0.21847997527717644,0.111315291209419,0.06848210725936207,0.07045235104029451,0.369078092055284,0.36935926844612316,,0.13607279319021345,0.2821989499178235,0.06250075831007257,0.5500738536720358,0.3032475409638557,0.24533613914201624,0.2892214628621441,0.08945439476030179,,0.20586027375808713,,,-0.03658538513865875,0.21049885071964763,0.1477381457635581,0.5500738536720358,0.5500738536720358,,0.23347485852531932,0.5500738536720358,0.5707994548498057,0.48075209089070553,0.42804534232414254,0.11416122001894237,-0.04387446356307176,-0.1951327861236212,0.2565700879337395,0.11435537199581837,0.33914619811990604,,-0.1438889012385751,,,,0.783243543145831,1.0,0.31970387101565567,
"Policy Executive Compensation ESG Performance
(0FY, FY0)",-0.12832724624263284,0.31158941349654096,0.13818925542078986,-0.18772327931796426,-0.3278484042114781,0.34819917952473817,0.24037057553357674,0.10181172575783355,0.26273364357263085,0.15907028108105403,0.15240841759409646,0.07557747113523305,0.33963876589964326,0.3512027532364835,0.3412581347197894,,0.04871694862179371,0.10878655020923028,-0.09574271077563383,0.10580973892262116,0.05097876774296142,-0.057000948279380854,0.056303012076568584,-0.1756120399662969,-0.0021379882709751433,0.3230070675721423,0.29978832606445294,,-0.07362681961052198,,-0.06272555010726676,0.1642197489952455,,-0.05282029397174303,0.004922367509035558,,,-0.09600307214746391,,-0.1858103734082578,0.14746177229048224,0.1896914650745543,0.25141023472475665,0.25155317610570477,0.2677912597694948,0.25991510865051987,,0.10091367928800152,0.1339097244518935,0.2256851481114751,0.24800793638094834,0.13390972445189345,0.28485978863958034,0.43194187323618705,0.14227236812115013,,0.17333926827696688,,,0.09154647528176478,0.2505443071977969,0.31968298943097906,0.24800793638094834,0.24800793638094834,,0.0573739159252197,0.24800793638094834,0.3549876901564358,0.34819917952473817,0.4278579000780011,-0.18969146507455428,-0.2480079363809484,-0.12315914066115631,0.14091615456899217,0.30595210957019264,-0.03684942717333901,,-0.09337834972525207,,,,0.4610396756990289,0.31970387101565567,1.0,
"Supplier ESG training Score
(0FY, FY0)",,,,,,,,,,,,,,,,,,,,,,,,,,,,,,,,,,,,,,,,,,,,,,,,,,,,,,,,,,,,,,,,,,,,,,,,,,,,,,,,,,,,,
