<?xml version="1.0" encoding="UTF-8"?>
                <tp:taxonomyPackage xml:lang="en" xmlns:tp="http://xbrl.org/2016/taxonomy-package" xmlns:xsi="http://www.w3.org/2001/XMLSchema-instance" xsi:schemaLocation="http://xbrl.org/2016/taxonomy-package http://www.xbrl.org/2016/taxonomy-package.xsd">
	                <tp:identifier>http://cancom.com/2023-12-31/391200T4AUN1BPBXAO14-2023-12-31</tp:identifier>
	                <tp:name>391200T4AUN1BPBXAO14-2023-12-31</tp:name>
	                <tp:description>Taxonomy extension</tp:description>
	                <tp:version>Final</tp:version>
	                <tp:publisher>Cancom SE</tp:publisher>
	                <tp:publisherURL>www.cancom.com</tp:publisherURL>
	                <tp:publisherCountry>DE</tp:publisherCountry>
	                <tp:publicationDate>2024-03-21</tp:publicationDate>  
	                <tp:entryPoints>
		                <tp:entryPoint>
			                <tp:name>391200T4AUN1BPBXAO14-2023-12-31</tp:name>
			                <tp:description>Entry point to be used to load Custom Taxonomy</tp:description><tp:entryPointDocument href="http://cancom.com/2023-12-31/391200T4AUN1BPBXAO14-2023-12-31.xsd"/><tp:languages><tp:language>en</tp:language><tp:language>de</tp:language></tp:languages>
	                    </tp:entryPoint>	
                    </tp:entryPoints>	
                    </tp:taxonomyPackage>